Unique ID,Indicator ID,Name,Measure,Measure Info,Geo Type Name,Geo Join ID,Geo Place Name,Time Period,Start_Date,Data Value,Message
878218,386,Ozone (O3),Mean,ppb,UHF42,402,West Queens,Summer 2023,06/01/2023,34.3659895,
876975,375,Nitrogen dioxide (NO2),Mean,ppb,UHF42,501,Port Richmond,Summer 2023,06/01/2023,11.33199203,
876900,375,Nitrogen dioxide (NO2),Mean,ppb,UHF42,207,East Flatbush - Flatbush,Summer 2023,06/01/2023,12.02033251,
877140,375,Nitrogen dioxide (NO2),Mean,ppb,CD,205,Fordham and University Heights (CD5),Summer 2023,06/01/2023,14.12317805,
874556,365,Fine particles (PM 2.5),Mean,mcg/m3,UHF34,410,Rockaways,Summer 2023,06/01/2023,8.150636732,
878233,386,Ozone (O3),Mean,ppb,UHF42,208,Canarsie - Flatlands,Summer 2023,06/01/2023,38.29501816,
874861,365,Fine particles (PM 2.5),Mean,mcg/m3,CD,414,Rockaway and Broad Channel (CD14),Summer 2023,06/01/2023,8.147909572,
877257,375,Nitrogen dioxide (NO2),Mean,ppb,CD,414,Rockaway and Broad Channel (CD14),Summer 2023,06/01/2023,6.452587396,
878177,386,Ozone (O3),Mean,ppb,UHF34,306308,Chelsea-Village,Summer 2023,06/01/2023,28.5882459,
874407,365,Fine particles (PM 2.5),Mean,mcg/m3,UHF34,201,Greenpoint,Summer 2023,06/01/2023,9.490783626,
876867,375,Nitrogen dioxide (NO2),Mean,ppb,UHF42,103,Fordham - Bronx Pk,Summer 2023,06/01/2023,12.47245283,
878178,386,Ozone (O3),Mean,ppb,UHF34,305307,Upper East Side-Gramercy,Summer 2023,06/01/2023,30.41343596,
878241,386,Ozone (O3),Mean,ppb,UHF42,107,Hunts Point - Mott Haven,Summer 2023,06/01/2023,33.38337979,
878252,386,Ozone (O3),Mean,ppb,Borough,1,Bronx,Summer 2023,06/01/2023,33.22314544,
878249,386,Ozone (O3),Mean,ppb,Borough,4,Queens,Summer 2023,06/01/2023,36.99164687,
877059,375,Nitrogen dioxide (NO2),Mean,ppb,UHF34,408,Jamaica,Summer 2023,06/01/2023,11.25760293,
874320,365,Fine particles (PM 2.5),Mean,mcg/m3,UHF42,207,East Flatbush - Flatbush,Summer 2023,06/01/2023,8.611497961,
878137,386,Ozone (O3),Mean,ppb,CD,407,Flushing and Whitestone (CD7),Summer 2023,06/01/2023,36.58470878,
877038,375,Nitrogen dioxide (NO2),Mean,ppb,UHF34,303,East Harlem,Summer 2023,06/01/2023,13.82754858,
878122,386,Ozone (O3),Mean,ppb,CD,310,Bay Ridge and Dyker Heights (CD10),Summer 2023,06/01/2023,35.37371742,
874873,365,Fine particles (PM 2.5),Mean,mcg/m3,CD,208,Riverdale and Fieldston (CD8),Summer 2023,06/01/2023,9.257483083,
874413,365,Fine particles (PM 2.5),Mean,mcg/m3,UHF34,103,Fordham - Bronx Pk,Summer 2023,06/01/2023,9.228735232,
877062,375,Nitrogen dioxide (NO2),Mean,ppb,UHF34,409,Southeast Queens,Summer 2023,06/01/2023,10.27141027,
874870,365,Fine particles (PM 2.5),Mean,mcg/m3,CD,503,Tottenville and Great Kills (CD3),Summer 2023,06/01/2023,8.212676617,
874514,365,Fine particles (PM 2.5),Mean,mcg/m3,CD,106,Stuyvesant Town and Turtle Bay (CD6),Summer 2023,06/01/2023,9.340237988,
878222,386,Ozone (O3),Mean,ppb,UHF42,308,Greenwich Village - SoHo,Summer 2023,06/01/2023,29.05630081,
878123,386,Ozone (O3),Mean,ppb,CD,311,Bensonhurst (CD11),Summer 2023,06/01/2023,39.07310042,
874374,365,Fine particles (PM 2.5),Mean,mcg/m3,Borough,1,Bronx,Summer 2023,06/01/2023,9.288327562,
874314,365,Fine particles (PM 2.5),Mean,mcg/m3,UHF42,209,Bensonhurst - Bay Ridge,Summer 2023,06/01/2023,8.502404761,
878130,386,Ozone (O3),Mean,ppb,CD,318,Flatlands and Canarsie (CD18),Summer 2023,06/01/2023,38.37088645,
878190,386,Ozone (O3),Mean,ppb,UHF34,301,Washington Heights,Summer 2023,06/01/2023,29.97249115,
877146,375,Nitrogen dioxide (NO2),Mean,ppb,CD,207,Kingsbridge Heights and Bedford (CD7),Summer 2023,06/01/2023,12.97993041,
878175,386,Ozone (O3),Mean,ppb,UHF34,404406,Bayside Little Neck-Fresh Meadows,Summer 2023,06/01/2023,36.8959209,
878213,386,Ozone (O3),Mean,ppb,UHF42,407,Southwest Queens,Summer 2023,06/01/2023,37.44705249,
874341,365,Fine particles (PM 2.5),Mean,mcg/m3,UHF42,107,Hunts Point - Mott Haven,Summer 2023,06/01/2023,9.515300705,
874476,365,Fine particles (PM 2.5),Mean,mcg/m3,UHF42,306,Chelsea - Clinton,Summer 2023,06/01/2023,9.716882785,
876933,375,Nitrogen dioxide (NO2),Mean,ppb,UHF42,307,Gramercy Park - Murray Hill,Summer 2023,06/01/2023,20.0325472,
877143,375,Nitrogen dioxide (NO2),Mean,ppb,CD,206,Belmont and East Tremont (CD6),Summer 2023,06/01/2023,13.48533038,
874571,365,Fine particles (PM 2.5),Mean,mcg/m3,UHF34,403,Flushing - Clearview,Summer 2023,06/01/2023,8.899227558,
876930,375,Nitrogen dioxide (NO2),Mean,ppb,UHF42,306,Chelsea - Clinton,Summer 2023,06/01/2023,21.23435622,
874401,365,Fine particles (PM 2.5),Mean,mcg/m3,UHF34,203,Bedford Stuyvesant - Crown Heights,Summer 2023,06/01/2023,8.865704873,
877176,375,Nitrogen dioxide (NO2),Mean,ppb,CD,305,East New York and Starrett City (CD5),Summer 2023,06/01/2023,13.52008755,
878186,386,Ozone (O3),Mean,ppb,UHF34,401,Long Island City - Astoria,Summer 2023,06/01/2023,33.216065,
878226,386,Ozone (O3),Mean,ppb,UHF42,304,Upper West Side,Summer 2023,06/01/2023,29.75910834,
878217,386,Ozone (O3),Mean,ppb,UHF42,403,Flushing - Clearview,Summer 2023,06/01/2023,36.68950296,
878158,386,Ozone (O3),Mean,ppb,CD,201,Mott Haven and Melrose (CD1),Summer 2023,06/01/2023,32.37118901,
874311,365,Fine particles (PM 2.5),Mean,mcg/m3,UHF42,210,Coney Island - Sheepshead Bay,Summer 2023,06/01/2023,8.334285294,
878146,386,Ozone (O3),Mean,ppb,CD,301,Greenpoint and Williamsburg (CD1),Summer 2023,06/01/2023,34.03985644,
874568,365,Fine particles (PM 2.5),Mean,mcg/m3,UHF34,405,Ridgewood - Forest Hills,Summer 2023,06/01/2023,8.875708042,
874344,365,Fine particles (PM 2.5),Mean,mcg/m3,UHF42,106,High Bridge - Morrisania,Summer 2023,06/01/2023,9.297253521,
874461,365,Fine particles (PM 2.5),Mean,mcg/m3,UHF42,401,Long Island City - Astoria,Summer 2023,06/01/2023,9.441759835,
877032,375,Nitrogen dioxide (NO2),Mean,ppb,UHF34,301,Washington Heights,Summer 2023,06/01/2023,14.17950424,
878195,386,Ozone (O3),Mean,ppb,UHF34,207,East Flatbush - Flatbush,Summer 2023,06/01/2023,37.25838607,
874353,365,Fine particles (PM 2.5),Mean,mcg/m3,UHF42,103,Fordham - Bronx Pk,Summer 2023,06/01/2023,9.228735232,
878198,386,Ozone (O3),Mean,ppb,UHF34,204,East New York,Summer 2023,06/01/2023,36.31450852,
876999,375,Nitrogen dioxide (NO2),Mean,ppb,UHF34,201,Greenpoint,Summer 2023,06/01/2023,14.95173654,
877203,375,Nitrogen dioxide (NO2),Mean,ppb,CD,314,Flatbush and Midwood (CD14),Summer 2023,06/01/2023,11.65295001,
874502,365,Fine particles (PM 2.5),Mean,mcg/m3,CD,110,Central Harlem (CD10),Summer 2023,06/01/2023,9.182091417,
878169,386,Ozone (O3),Mean,ppb,CD,102,Greenwich Village and Soho (CD2),Summer 2023,06/01/2023,28.97905331,
874338,365,Fine particles (PM 2.5),Mean,mcg/m3,UHF42,201,Greenpoint,Summer 2023,06/01/2023,9.490783626,
874446,365,Fine particles (PM 2.5),Mean,mcg/m3,UHF42,406,Fresh Meadows,Summer 2023,06/01/2023,8.672409931,
877245,375,Nitrogen dioxide (NO2),Mean,ppb,CD,410,South Ozone Park and Howard Beach (CD10),Summer 2023,06/01/2023,11.75210061,
874596,365,Fine particles (PM 2.5),Mean,mcg/m3,CD,203,Morrisania and Crotona (CD3),Summer 2023,06/01/2023,9.377384466,
878126,386,Ozone (O3),Mean,ppb,CD,314,Flatbush and Midwood (CD14),Summer 2023,06/01/2023,37.31493103,
876993,375,Nitrogen dioxide (NO2),Mean,ppb,UHF34,103,Fordham - Bronx Pk,Summer 2023,06/01/2023,12.47245283,
878216,386,Ozone (O3),Mean,ppb,UHF42,404,Bayside - Little Neck,Summer 2023,06/01/2023,36.88953233,
877104,375,Nitrogen dioxide (NO2),Mean,ppb,CD,105,Midtown (CD5),Summer 2023,06/01/2023,22.22098615,
877074,375,Nitrogen dioxide (NO2),Mean,ppb,UHF34,309310,Union Square-Lower Manhattan,Summer 2023,06/01/2023,17.42045889,
874332,365,Fine particles (PM 2.5),Mean,mcg/m3,UHF42,203,Bedford Stuyvesant - Crown Heights,Summer 2023,06/01/2023,8.865704873,
878144,386,Ozone (O3),Mean,ppb,CD,414,Rockaway and Broad Channel (CD14),Summer 2023,06/01/2023,43.40081576,
874523,365,Fine particles (PM 2.5),Mean,mcg/m3,CD,103,Lower East Side and Chinatown (CD3),Summer 2023,06/01/2023,9.17505874,
874816,365,Fine particles (PM 2.5),Mean,mcg/m3,CD,317,East Flatbush (CD17),Summer 2023,06/01/2023,8.687833391,
878187,386,Ozone (O3),Mean,ppb,UHF34,304,Upper West Side,Summer 2023,06/01/2023,29.75903836,
874362,365,Fine particles (PM 2.5),Mean,mcg/m3,Borough,5,Staten Island,Summer 2023,06/01/2023,8.378827675,
877212,375,Nitrogen dioxide (NO2),Mean,ppb,CD,317,East Flatbush (CD17),Summer 2023,06/01/2023,12.6709056,
878221,386,Ozone (O3),Mean,ppb,UHF42,309,Union Square - Lower East Side,Summer 2023,06/01/2023,31.00497205,
874425,365,Fine particles (PM 2.5),Mean,mcg/m3,UHF42,503,Willowbrook,Summer 2023,06/01/2023,8.471204739,
877113,375,Nitrogen dioxide (NO2),Mean,ppb,CD,108,Upper East Side (CD8),Summer 2023,06/01/2023,16.00194618,
874395,365,Fine particles (PM 2.5),Mean,mcg/m3,UHF34,205,Sunset Park,Summer 2023,06/01/2023,9.14926825,
877152,375,Nitrogen dioxide (NO2),Mean,ppb,CD,209,Parkchester and Soundview (CD9),Summer 2023,06/01/2023,13.30209579,
874356,365,Fine particles (PM 2.5),Mean,mcg/m3,UHF42,102,Northeast Bronx,Summer 2023,06/01/2023,9.237958876,
878220,386,Ozone (O3),Mean,ppb,UHF42,310,Lower Manhattan,Summer 2023,06/01/2023,29.88823161,
878142,386,Ozone (O3),Mean,ppb,CD,412,Jamaica and Hollis (CD12),Summer 2023,06/01/2023,37.63691568,
878160,386,Ozone (O3),Mean,ppb,CD,111,East Harlem (CD11),Summer 2023,06/01/2023,31.93767785,
874434,365,Fine particles (PM 2.5),Mean,mcg/m3,UHF42,410,Rockaways,Summer 2023,06/01/2023,8.150636732,
878129,386,Ozone (O3),Mean,ppb,CD,317,East Flatbush (CD17),Summer 2023,06/01/2023,37.1586567,
878200,386,Ozone (O3),Mean,ppb,UHF34,202,Downtown - Heights - Slope,Summer 2023,06/01/2023,33.86869045,
877242,375,Nitrogen dioxide (NO2),Mean,ppb,CD,409,Kew Gardens and Woodhaven (CD9),Summer 2023,06/01/2023,12.29498083,
877044,375,Nitrogen dioxide (NO2),Mean,ppb,UHF34,401,Long Island City - Astoria,Summer 2023,06/01/2023,15.48445494,
878246,386,Ozone (O3),Mean,ppb,UHF42,102,Northeast Bronx,Summer 2023,06/01/2023,33.69356145,
874921,365,Fine particles (PM 2.5),Mean,mcg/m3,CD,312,Borough Park (CD12),Summer 2023,06/01/2023,8.652317625,
878140,386,Ozone (O3),Mean,ppb,CD,410,South Ozone Park and Howard Beach (CD10),Summer 2023,06/01/2023,37.87161012,
876948,375,Nitrogen dioxide (NO2),Mean,ppb,UHF42,402,West Queens,Summer 2023,06/01/2023,15.07775098,
874906,365,Fine particles (PM 2.5),Mean,mcg/m3,CD,307,Sunset Park (CD7),Summer 2023,06/01/2023,9.15830274,
874550,365,Fine particles (PM 2.5),Mean,mcg/m3,UHF34,306308,Chelsea-Village,Summer 2023,06/01/2023,9.667046114,
878180,386,Ozone (O3),Mean,ppb,UHF34,409,Southeast Queens,Summer 2023,06/01/2023,38.18155438,
878127,386,Ozone (O3),Mean,ppb,CD,315,Sheepshead Bay (CD15),Summer 2023,06/01/2023,40.00347748,
876891,375,Nitrogen dioxide (NO2),Mean,ppb,UHF42,204,East New York,Summer 2023,06/01/2023,13.58713104,
874491,365,Fine particles (PM 2.5),Mean,mcg/m3,UHF42,301,Washington Heights,Summer 2023,06/01/2023,9.349919871,
874437,365,Fine particles (PM 2.5),Mean,mcg/m3,UHF42,409,Southeast Queens,Summer 2023,06/01/2023,8.565160331,
874553,365,Fine particles (PM 2.5),Mean,mcg/m3,UHF34,305307,Upper East Side-Gramercy,Summer 2023,06/01/2023,9.298440093,
874864,365,Fine particles (PM 2.5),Mean,mcg/m3,CD,501,St. George and Stapleton (CD1),Summer 2023,06/01/2023,8.593710536,
876885,375,Nitrogen dioxide (NO2),Mean,ppb,UHF42,202,Downtown - Heights - Slope,Summer 2023,06/01/2023,14.02065338,
878234,386,Ozone (O3),Mean,ppb,UHF42,207,East Flatbush - Flatbush,Summer 2023,06/01/2023,37.25838607,
878206,386,Ozone (O3),Mean,ppb,UHF42,504,South Beach - Tottenville,Summer 2023,06/01/2023,36.4865784,
878134,386,Ozone (O3),Mean,ppb,CD,404,Elmhurst and Corona (CD4),Summer 2023,06/01/2023,35.14139482,
878223,386,Ozone (O3),Mean,ppb,UHF42,307,Gramercy Park - Murray Hill,Summer 2023,06/01/2023,29.47284974,
878143,386,Ozone (O3),Mean,ppb,CD,413,Queens Village (CD13),Summer 2023,06/01/2023,38.25394831,
878121,386,Ozone (O3),Mean,ppb,CD,309,South Crown Heights and Lefferts Gardens (CD9),Summer 2023,06/01/2023,36.97711285,
877008,375,Nitrogen dioxide (NO2),Mean,ppb,UHF34,204,East New York,Summer 2023,06/01/2023,13.58713104,
877263,375,Nitrogen dioxide (NO2),Mean,ppb,CD,502,South Beach and Willowbrook (CD2),Summer 2023,06/01/2023,8.594431864,
874499,365,Fine particles (PM 2.5),Mean,mcg/m3,CD,111,East Harlem (CD11),Summer 2023,06/01/2023,9.203035572,
876858,375,Nitrogen dioxide (NO2),Mean,ppb,Borough,5,Staten Island,Summer 2023,06/01/2023,9.286177253,
877101,375,Nitrogen dioxide (NO2),Mean,ppb,CD,104,Clinton and Chelsea (CD4),Summer 2023,06/01/2023,20.54838938,
877119,375,Nitrogen dioxide (NO2),Mean,ppb,CD,110,Central Harlem (CD10),Summer 2023,06/01/2023,13.15002492,
878196,386,Ozone (O3),Mean,ppb,UHF34,206,Borough Park,Summer 2023,06/01/2023,37.40360507,
874580,365,Fine particles (PM 2.5),Mean,mcg/m3,UHF34,304,Upper West Side,Summer 2023,06/01/2023,9.178923085,
878161,386,Ozone (O3),Mean,ppb,CD,110,Central Harlem (CD10),Summer 2023,06/01/2023,31.79455487,
878194,386,Ozone (O3),Mean,ppb,UHF34,208,Canarsie - Flatlands,Summer 2023,06/01/2023,38.29501816,
874879,365,Fine particles (PM 2.5),Mean,mcg/m3,CD,210,Throgs Neck and Co-op City (CD10),Summer 2023,06/01/2023,9.169949337,
876879,375,Nitrogen dioxide (NO2),Mean,ppb,UHF42,107,Hunts Point - Mott Haven,Summer 2023,06/01/2023,14.78510714,
874323,365,Fine particles (PM 2.5),Mean,mcg/m3,UHF42,206,Borough Park,Summer 2023,06/01/2023,8.616311108,
876876,375,Nitrogen dioxide (NO2),Mean,ppb,UHF42,106,High Bridge - Morrisania,Summer 2023,06/01/2023,13.96941767,
877071,375,Nitrogen dioxide (NO2),Mean,ppb,UHF34,306308,Chelsea-Village,Summer 2023,06/01/2023,20.93267044,
877068,375,Nitrogen dioxide (NO2),Mean,ppb,UHF34,305307,Upper East Side-Gramercy,Summer 2023,06/01/2023,17.8616607,
878185,386,Ozone (O3),Mean,ppb,UHF34,402,West Queens,Summer 2023,06/01/2023,34.3659895,
878219,386,Ozone (O3),Mean,ppb,UHF42,401,Long Island City - Astoria,Summer 2023,06/01/2023,33.216065,
876909,375,Nitrogen dioxide (NO2),Mean,ppb,UHF42,210,Coney Island - Sheepshead Bay,Summer 2023,06/01/2023,9.941814031,
874371,365,Fine particles (PM 2.5),Mean,mcg/m3,Borough,2,Brooklyn,Summer 2023,06/01/2023,8.776138037,
878229,386,Ozone (O3),Mean,ppb,UHF42,301,Washington Heights,Summer 2023,06/01/2023,29.97225632,
874915,365,Fine particles (PM 2.5),Mean,mcg/m3,CD,310,Bay Ridge and Dyker Heights (CD10),Summer 2023,06/01/2023,8.643969442,
878251,386,Ozone (O3),Mean,ppb,Borough,2,Brooklyn,Summer 2023,06/01/2023,36.81153782,
874416,365,Fine particles (PM 2.5),Mean,mcg/m3,UHF34,102,Northeast Bronx,Summer 2023,06/01/2023,9.237951308,
877026,375,Nitrogen dioxide (NO2),Mean,ppb,UHF34,210,Coney Island - Sheepshead Bay,Summer 2023,06/01/2023,9.941814031,
877185,375,Nitrogen dioxide (NO2),Mean,ppb,CD,308,Crown Heights and Prospect Heights (CD8),Summer 2023,06/01/2023,11.87083868,
877080,375,Nitrogen dioxide (NO2),Mean,ppb,UHF34,501502,Northern SI,Summer 2023,06/01/2023,12.52282979,
876849,375,Nitrogen dioxide (NO2),Mean,ppb,Borough,2,Brooklyn,Summer 2023,06/01/2023,12.52221569,
874599,365,Fine particles (PM 2.5),Mean,mcg/m3,CD,204,Highbridge and Concourse (CD4),Summer 2023,06/01/2023,9.2882538,
878147,386,Ozone (O3),Mean,ppb,CD,212,Williamsbridge and Baychester (CD12),Summer 2023,06/01/2023,32.92349671,
877221,375,Nitrogen dioxide (NO2),Mean,ppb,CD,402,Woodside and Sunnyside (CD2),Summer 2023,06/01/2023,16.03132644,
874903,365,Fine particles (PM 2.5),Mean,mcg/m3,CD,306,Park Slope and Carroll Gardens (CD6),Summer 2023,06/01/2023,9.21308071,
878159,386,Ozone (O3),Mean,ppb,CD,112,Washington Heights and Inwood (CD12),Summer 2023,06/01/2023,29.66140778,
874335,365,Fine particles (PM 2.5),Mean,mcg/m3,UHF42,202,Downtown - Heights - Slope,Summer 2023,06/01/2023,9.205974877,
876903,375,Nitrogen dioxide (NO2),Mean,ppb,UHF42,208,Canarsie - Flatlands,Summer 2023,06/01/2023,12.24185059,
876966,375,Nitrogen dioxide (NO2),Mean,ppb,UHF42,408,Jamaica,Summer 2023,06/01/2023,11.25823112,
874544,365,Fine particles (PM 2.5),Mean,mcg/m3,UHF34,404406,Bayside Little Neck-Fresh Meadows,Summer 2023,06/01/2023,8.701650681,
874404,365,Fine particles (PM 2.5),Mean,mcg/m3,UHF34,202,Downtown - Heights - Slope,Summer 2023,06/01/2023,9.205974877,
874825,365,Fine particles (PM 2.5),Mean,mcg/m3,CD,402,Woodside and Sunnyside (CD2),Summer 2023,06/01/2023,9.594697694,
874482,365,Fine particles (PM 2.5),Mean,mcg/m3,UHF42,304,Upper West Side,Summer 2023,06/01/2023,9.178931606,
874562,365,Fine particles (PM 2.5),Mean,mcg/m3,UHF34,408,Jamaica,Summer 2023,06/01/2023,8.721684896,
874467,365,Fine particles (PM 2.5),Mean,mcg/m3,UHF42,309,Union Square - Lower East Side,Summer 2023,06/01/2023,9.24061011,
874855,365,Fine particles (PM 2.5),Mean,mcg/m3,CD,412,Jamaica and Hollis (CD12),Summer 2023,06/01/2023,8.695098537,
874918,365,Fine particles (PM 2.5),Mean,mcg/m3,CD,311,Bensonhurst (CD11),Summer 2023,06/01/2023,8.452024043,
876864,375,Nitrogen dioxide (NO2),Mean,ppb,UHF42,102,Northeast Bronx,Summer 2023,06/01/2023,11.62453778,
876960,375,Nitrogen dioxide (NO2),Mean,ppb,UHF42,406,Fresh Meadows,Summer 2023,06/01/2023,10.7039473,
878243,386,Ozone (O3),Mean,ppb,UHF42,105,Crotona -Tremont,Summer 2023,06/01/2023,32.15024536,
877116,375,Nitrogen dioxide (NO2),Mean,ppb,CD,109,Morningside Heights and Hamilton Heights (CD9),Summer 2023,06/01/2023,13.26989981,
874505,365,Fine particles (PM 2.5),Mean,mcg/m3,CD,109,Morningside Heights and Hamilton Heights (CD9),Summer 2023,06/01/2023,9.250161362,
874428,365,Fine particles (PM 2.5),Mean,mcg/m3,UHF42,502,Stapleton - St. George,Summer 2023,06/01/2023,8.449108269,
877041,375,Nitrogen dioxide (NO2),Mean,ppb,UHF34,304,Upper West Side,Summer 2023,06/01/2023,15.61819912,
874882,365,Fine particles (PM 2.5),Mean,mcg/m3,CD,211,Morris Park and Bronxdale (CD11),Summer 2023,06/01/2023,9.232350014,
878125,386,Ozone (O3),Mean,ppb,CD,313,Coney Island (CD13),Summer 2023,06/01/2023,41.2931847,
874547,365,Fine particles (PM 2.5),Mean,mcg/m3,UHF34,309310,Union Square-Lower Manhattan,Summer 2023,06/01/2023,9.223447992,
877005,375,Nitrogen dioxide (NO2),Mean,ppb,UHF34,203,Bedford Stuyvesant - Crown Heights,Summer 2023,06/01/2023,12.30403871,
877047,375,Nitrogen dioxide (NO2),Mean,ppb,UHF34,402,West Queens,Summer 2023,06/01/2023,15.07775098,
878179,386,Ozone (O3),Mean,ppb,UHF34,410,Rockaways,Summer 2023,06/01/2023,43.33287409,
878176,386,Ozone (O3),Mean,ppb,UHF34,309310,Union Square-Lower Manhattan,Summer 2023,06/01/2023,30.65430801,
876897,375,Nitrogen dioxide (NO2),Mean,ppb,UHF42,206,Borough Park,Summer 2023,06/01/2023,11.74380759,
877200,375,Nitrogen dioxide (NO2),Mean,ppb,CD,313,Coney Island (CD13),Summer 2023,06/01/2023,8.914378523,
876906,375,Nitrogen dioxide (NO2),Mean,ppb,UHF42,209,Bensonhurst - Bay Ridge,Summer 2023,06/01/2023,12.10054339,
877065,375,Nitrogen dioxide (NO2),Mean,ppb,UHF34,410,Rockaways,Summer 2023,06/01/2023,6.471941886,
874586,365,Fine particles (PM 2.5),Mean,mcg/m3,UHF34,302,Central Harlem - Morningside Heights,Summer 2023,06/01/2023,9.20653142,
874526,365,Fine particles (PM 2.5),Mean,mcg/m3,CD,102,Greenwich Village and Soho (CD2),Summer 2023,06/01/2023,9.640345698,
878163,386,Ozone (O3),Mean,ppb,CD,108,Upper East Side (CD8),Summer 2023,06/01/2023,31.22267347,
874876,365,Fine particles (PM 2.5),Mean,mcg/m3,CD,209,Parkchester and Soundview (CD9),Summer 2023,06/01/2023,9.278967207,
876852,375,Nitrogen dioxide (NO2),Mean,ppb,Borough,3,Manhattan,Summer 2023,06/01/2023,16.74988488,
874852,365,Fine particles (PM 2.5),Mean,mcg/m3,CD,411,Bayside and Little Neck (CD11),Summer 2023,06/01/2023,8.718392544,
878205,386,Ozone (O3),Mean,ppb,UHF34,101,Kingsbridge - Riverdale,Summer 2023,06/01/2023,29.39652856,
874496,365,Fine particles (PM 2.5),Mean,mcg/m3,CD,112,Washington Heights and Inwood (CD12),Summer 2023,06/01/2023,9.365247781,
877230,375,Nitrogen dioxide (NO2),Mean,ppb,CD,405,Ridgewood and Maspeth (CD5),Summer 2023,06/01/2023,13.39077372,
874326,365,Fine particles (PM 2.5),Mean,mcg/m3,UHF42,205,Sunset Park,Summer 2023,06/01/2023,9.149134113,
874837,365,Fine particles (PM 2.5),Mean,mcg/m3,CD,406,Rego Park and Forest Hills (CD6),Summer 2023,06/01/2023,8.719093414,
878174,386,Ozone (O3),Mean,ppb,UHF34,501502,Northern SI,Summer 2023,06/01/2023,33.09477592,
878117,386,Ozone (O3),Mean,ppb,CD,305,East New York and Starrett City (CD5),Summer 2023,06/01/2023,36.56098667,
878225,386,Ozone (O3),Mean,ppb,UHF42,305,Upper East Side,Summer 2023,06/01/2023,31.2445346,
877251,375,Nitrogen dioxide (NO2),Mean,ppb,CD,412,Jamaica and Hollis (CD12),Summer 2023,06/01/2023,11.3212232,
878227,386,Ozone (O3),Mean,ppb,UHF42,303,East Harlem,Summer 2023,06/01/2023,32.00898429,
878209,386,Ozone (O3),Mean,ppb,UHF42,501,Port Richmond,Summer 2023,06/01/2023,32.56097611,
878203,386,Ozone (O3),Mean,ppb,UHF34,103,Fordham - Bronx Pk,Summer 2023,06/01/2023,32.31051756,
876882,375,Nitrogen dioxide (NO2),Mean,ppb,UHF42,201,Greenpoint,Summer 2023,06/01/2023,14.95173654,
874440,365,Fine particles (PM 2.5),Mean,mcg/m3,UHF42,408,Jamaica,Summer 2023,06/01/2023,8.721661525,
878240,386,Ozone (O3),Mean,ppb,UHF42,201,Greenpoint,Summer 2023,06/01/2023,33.7542222,
874389,365,Fine particles (PM 2.5),Mean,mcg/m3,UHF34,207,East Flatbush - Flatbush,Summer 2023,06/01/2023,8.611497961,
878247,386,Ozone (O3),Mean,ppb,UHF42,101,Kingsbridge - Riverdale,Summer 2023,06/01/2023,29.39652856,
874885,365,Fine particles (PM 2.5),Mean,mcg/m3,CD,212,Williamsbridge and Baychester (CD12),Summer 2023,06/01/2023,9.254048723,
878207,386,Ozone (O3),Mean,ppb,UHF42,503,Willowbrook,Summer 2023,06/01/2023,34.65271795,
874807,365,Fine particles (PM 2.5),Mean,mcg/m3,CD,314,Flatbush and Midwood (CD14),Summer 2023,06/01/2023,8.546253356,
874452,365,Fine particles (PM 2.5),Mean,mcg/m3,UHF42,404,Bayside - Little Neck,Summer 2023,06/01/2023,8.719524695,
874359,365,Fine particles (PM 2.5),Mean,mcg/m3,UHF42,101,Kingsbridge - Riverdale,Summer 2023,06/01/2023,9.265788318,
877107,375,Nitrogen dioxide (NO2),Mean,ppb,CD,106,Stuyvesant Town and Turtle Bay (CD6),Summer 2023,06/01/2023,18.70500762,
878230,386,Ozone (O3),Mean,ppb,UHF42,211,Williamsburg - Bushwick,Summer 2023,06/01/2023,35.49941831,
877086,375,Nitrogen dioxide (NO2),Mean,ppb,UHF34,105106107,South Bronx,Summer 2023,06/01/2023,14.34539039,
877194,375,Nitrogen dioxide (NO2),Mean,ppb,CD,311,Bensonhurst (CD11),Summer 2023,06/01/2023,10.75587857,
877098,375,Nitrogen dioxide (NO2),Mean,ppb,CD,103,Lower East Side and Chinatown (CD3),Summer 2023,06/01/2023,16.2487256,
878254,386,Ozone (O3),Mean,ppb,CD,503,Tottenville and Great Kills (CD3),Summer 2023,06/01/2023,36.45438978,
877164,375,Nitrogen dioxide (NO2),Mean,ppb,CD,301,Greenpoint and Williamsburg (CD1),Summer 2023,06/01/2023,14.72135233,
878118,386,Ozone (O3),Mean,ppb,CD,306,Park Slope and Carroll Gardens (CD6),Summer 2023,06/01/2023,34.15035402,
874398,365,Fine particles (PM 2.5),Mean,mcg/m3,UHF34,204,East New York,Summer 2023,06/01/2023,8.878918851,
878211,386,Ozone (O3),Mean,ppb,UHF42,409,Southeast Queens,Summer 2023,06/01/2023,38.18201497,
874909,365,Fine particles (PM 2.5),Mean,mcg/m3,CD,308,Crown Heights and Prospect Heights (CD8),Summer 2023,06/01/2023,8.936772164,
878124,386,Ozone (O3),Mean,ppb,CD,312,Borough Park (CD12),Summer 2023,06/01/2023,37.22655011,
874308,365,Fine particles (PM 2.5),Mean,mcg/m3,UHF42,211,Williamsburg - Bushwick,Summer 2023,06/01/2023,9.266873894,
874517,365,Fine particles (PM 2.5),Mean,mcg/m3,CD,105,Midtown (CD5),Summer 2023,06/01/2023,9.767412952,
874888,365,Fine particles (PM 2.5),Mean,mcg/m3,CD,301,Greenpoint and Williamsburg (CD1),Summer 2023,06/01/2023,9.515876207,
874508,365,Fine particles (PM 2.5),Mean,mcg/m3,CD,108,Upper East Side (CD8),Summer 2023,06/01/2023,9.157520077,
874464,365,Fine particles (PM 2.5),Mean,mcg/m3,UHF42,310,Lower Manhattan,Summer 2023,06/01/2023,9.185954859,
877017,375,Nitrogen dioxide (NO2),Mean,ppb,UHF34,207,East Flatbush - Flatbush,Summer 2023,06/01/2023,12.02033251,
878149,386,Ozone (O3),Mean,ppb,CD,210,Throgs Neck and Co-op City (CD10),Summer 2023,06/01/2023,35.69245438,
877191,375,Nitrogen dioxide (NO2),Mean,ppb,CD,310,Bay Ridge and Dyker Heights (CD10),Summer 2023,06/01/2023,13.79474138,
877239,375,Nitrogen dioxide (NO2),Mean,ppb,CD,408,Hillcrest and Fresh Meadows (CD8),Summer 2023,06/01/2023,10.57451486,
876942,375,Nitrogen dioxide (NO2),Mean,ppb,UHF42,310,Lower Manhattan,Summer 2023,06/01/2023,19.23269501,
874559,365,Fine particles (PM 2.5),Mean,mcg/m3,UHF34,409,Southeast Queens,Summer 2023,06/01/2023,8.565150117,
874831,365,Fine particles (PM 2.5),Mean,mcg/m3,CD,404,Elmhurst and Corona (CD4),Summer 2023,06/01/2023,9.011768181,
877011,375,Nitrogen dioxide (NO2),Mean,ppb,UHF34,205,Sunset Park,Summer 2023,06/01/2023,14.78243138,
874605,365,Fine particles (PM 2.5),Mean,mcg/m3,CD,206,Belmont and East Tremont (CD6),Summer 2023,06/01/2023,9.337857894,
876936,375,Nitrogen dioxide (NO2),Mean,ppb,UHF42,308,Greenwich Village - SoHo,Summer 2023,06/01/2023,20.33316087,
876939,375,Nitrogen dioxide (NO2),Mean,ppb,UHF42,309,Union Square - Lower East Side,Summer 2023,06/01/2023,16.5909254,
876870,375,Nitrogen dioxide (NO2),Mean,ppb,UHF42,104,Pelham - Throgs Neck,Summer 2023,06/01/2023,12.06848595,
878132,386,Ozone (O3),Mean,ppb,CD,402,Woodside and Sunnyside (CD2),Summer 2023,06/01/2023,33.53542984,
878192,386,Ozone (O3),Mean,ppb,UHF34,210,Coney Island - Sheepshead Bay,Summer 2023,06/01/2023,40.41763987,
874834,365,Fine particles (PM 2.5),Mean,mcg/m3,CD,405,Ridgewood and Maspeth (CD5),Summer 2023,06/01/2023,9.103134891,
874458,365,Fine particles (PM 2.5),Mean,mcg/m3,UHF42,402,West Queens,Summer 2023,06/01/2023,9.23668133,
876954,375,Nitrogen dioxide (NO2),Mean,ppb,UHF42,404,Bayside - Little Neck,Summer 2023,06/01/2023,9.624486798,
878167,386,Ozone (O3),Mean,ppb,CD,104,Clinton and Chelsea (CD4),Summer 2023,06/01/2023,28.47102781,
877020,375,Nitrogen dioxide (NO2),Mean,ppb,UHF34,208,Canarsie - Flatlands,Summer 2023,06/01/2023,12.24185059,
877092,375,Nitrogen dioxide (NO2),Mean,ppb,CD,101,Financial District (CD1),Summer 2023,06/01/2023,19.69490477,
878165,386,Ozone (O3),Mean,ppb,CD,106,Stuyvesant Town and Turtle Bay (CD6),Summer 2023,06/01/2023,29.94972265,
878119,386,Ozone (O3),Mean,ppb,CD,307,Sunset Park (CD7),Summer 2023,06/01/2023,34.62553705,
877125,375,Nitrogen dioxide (NO2),Mean,ppb,CD,112,Washington Heights and Inwood (CD12),Summer 2023,06/01/2023,14.43067469,
878162,386,Ozone (O3),Mean,ppb,CD,109,Morningside Heights and Hamilton Heights (CD9),Summer 2023,06/01/2023,30.99076311,
877131,375,Nitrogen dioxide (NO2),Mean,ppb,CD,202,Hunts Point and Longwood (CD2),Summer 2023,06/01/2023,15.26199906,
877161,375,Nitrogen dioxide (NO2),Mean,ppb,CD,212,Williamsbridge and Baychester (CD12),Summer 2023,06/01/2023,11.87627055,
876924,375,Nitrogen dioxide (NO2),Mean,ppb,UHF42,304,Upper West Side,Summer 2023,06/01/2023,15.61856373,
878145,386,Ozone (O3),Mean,ppb,CD,501,St. George and Stapleton (CD1),Summer 2023,06/01/2023,32.37391856,
874470,365,Fine particles (PM 2.5),Mean,mcg/m3,UHF42,308,Greenwich Village - SoHo,Summer 2023,06/01/2023,9.568039799,
874473,365,Fine particles (PM 2.5),Mean,mcg/m3,UHF42,307,Gramercy Park - Murray Hill,Summer 2023,06/01/2023,9.463103294,
878181,386,Ozone (O3),Mean,ppb,UHF34,408,Jamaica,Summer 2023,06/01/2023,37.4206363,
878172,386,Ozone (O3),Mean,ppb,UHF34,105106107,South Bronx,Summer 2023,06/01/2023,32.66163839,
877182,375,Nitrogen dioxide (NO2),Mean,ppb,CD,307,Sunset Park (CD7),Summer 2023,06/01/2023,14.41101052,
874810,365,Fine particles (PM 2.5),Mean,mcg/m3,CD,315,Sheepshead Bay (CD15),Summer 2023,06/01/2023,8.330674356,
874520,365,Fine particles (PM 2.5),Mean,mcg/m3,CD,104,Clinton and Chelsea (CD4),Summer 2023,06/01/2023,9.655789883,
878138,386,Ozone (O3),Mean,ppb,CD,408,Hillcrest and Fresh Meadows (CD8),Summer 2023,06/01/2023,36.68773905,
877050,375,Nitrogen dioxide (NO2),Mean,ppb,UHF34,403,Flushing - Clearview,Summer 2023,06/01/2023,11.19843013,
877236,375,Nitrogen dioxide (NO2),Mean,ppb,CD,407,Flushing and Whitestone (CD7),Summer 2023,06/01/2023,11.33369132,
877095,375,Nitrogen dioxide (NO2),Mean,ppb,CD,102,Greenwich Village and Soho (CD2),Summer 2023,06/01/2023,20.14470643,
878215,386,Ozone (O3),Mean,ppb,UHF42,405,Ridgewood - Forest Hills,Summer 2023,06/01/2023,35.74608194,
874392,365,Fine particles (PM 2.5),Mean,mcg/m3,UHF34,206,Borough Park,Summer 2023,06/01/2023,8.616311108,
874368,365,Fine particles (PM 2.5),Mean,mcg/m3,Borough,3,Manhattan,Summer 2023,06/01/2023,9.34171697,
878152,386,Ozone (O3),Mean,ppb,CD,207,Kingsbridge Heights and Bedford (CD7),Summer 2023,06/01/2023,32.06602493,
877260,375,Nitrogen dioxide (NO2),Mean,ppb,CD,501,St. George and Stapleton (CD1),Summer 2023,06/01/2023,12.81269171,
876861,375,Nitrogen dioxide (NO2),Mean,ppb,UHF42,101,Kingsbridge - Riverdale,Summer 2023,06/01/2023,13.0538783,
878244,386,Ozone (O3),Mean,ppb,UHF42,104,Pelham - Throgs Neck,Summer 2023,06/01/2023,34.91689947,
877155,375,Nitrogen dioxide (NO2),Mean,ppb,CD,210,Throgs Neck and Co-op City (CD10),Summer 2023,06/01/2023,11.2618141,
877014,375,Nitrogen dioxide (NO2),Mean,ppb,UHF34,206,Borough Park,Summer 2023,06/01/2023,11.74380759,
878253,386,Ozone (O3),Mean,ppb,CD,502,South Beach and Willowbrook (CD2),Summer 2023,06/01/2023,35.2123549,
878193,386,Ozone (O3),Mean,ppb,UHF34,209,Bensonhurst - Bay Ridge,Summer 2023,06/01/2023,37.30085065,
877134,375,Nitrogen dioxide (NO2),Mean,ppb,CD,203,Morrisania and Crotona (CD3),Summer 2023,06/01/2023,13.76011232,
874593,365,Fine particles (PM 2.5),Mean,mcg/m3,CD,202,Hunts Point and Longwood (CD2),Summer 2023,06/01/2023,9.725961313,
877179,375,Nitrogen dioxide (NO2),Mean,ppb,CD,306,Park Slope and Carroll Gardens (CD6),Summer 2023,06/01/2023,13.8400048,
878237,386,Ozone (O3),Mean,ppb,UHF42,204,East New York,Summer 2023,06/01/2023,36.31450852,
877149,375,Nitrogen dioxide (NO2),Mean,ppb,CD,208,Riverdale and Fieldston (CD8),Summer 2023,06/01/2023,12.9706097,
877188,375,Nitrogen dioxide (NO2),Mean,ppb,CD,309,South Crown Heights and Lefferts Gardens (CD9),Summer 2023,06/01/2023,11.38800028,
874455,365,Fine particles (PM 2.5),Mean,mcg/m3,UHF42,403,Flushing - Clearview,Summer 2023,06/01/2023,8.899225982,
874529,365,Fine particles (PM 2.5),Mean,mcg/m3,CD,101,Financial District (CD1),Summer 2023,06/01/2023,9.239338959,
878157,386,Ozone (O3),Mean,ppb,CD,202,Hunts Point and Longwood (CD2),Summer 2023,06/01/2023,33.48798478,
878114,386,Ozone (O3),Mean,ppb,CD,302,Fort Greene and Brooklyn Heights (CD2),Summer 2023,06/01/2023,33.40842626,
874819,365,Fine particles (PM 2.5),Mean,mcg/m3,CD,318,Flatlands and Canarsie (CD18),Summer 2023,06/01/2023,8.452351572,
878150,386,Ozone (O3),Mean,ppb,CD,209,Parkchester and Soundview (CD9),Summer 2023,06/01/2023,33.96231918,
878202,386,Ozone (O3),Mean,ppb,UHF34,104,Pelham - Throgs Neck,Summer 2023,06/01/2023,34.91689947,
874846,365,Fine particles (PM 2.5),Mean,mcg/m3,CD,409,Kew Gardens and Woodhaven (CD9),Summer 2023,06/01/2023,8.788488643,
874329,365,Fine particles (PM 2.5),Mean,mcg/m3,UHF42,204,East New York,Summer 2023,06/01/2023,8.878918851,
878141,386,Ozone (O3),Mean,ppb,CD,411,Bayside and Little Neck (CD11),Summer 2023,06/01/2023,37.09750646,
878188,386,Ozone (O3),Mean,ppb,UHF34,303,East Harlem,Summer 2023,06/01/2023,32.00898429,
876957,375,Nitrogen dioxide (NO2),Mean,ppb,UHF42,405,Ridgewood - Forest Hills,Summer 2023,06/01/2023,12.71702853,
874532,365,Fine particles (PM 2.5),Mean,mcg/m3,Citywide,1,New York City,Summer 2023,06/01/2023,8.809497546,
877023,375,Nitrogen dioxide (NO2),Mean,ppb,UHF34,209,Bensonhurst - Bay Ridge,Summer 2023,06/01/2023,12.10054339,
877227,375,Nitrogen dioxide (NO2),Mean,ppb,CD,404,Elmhurst and Corona (CD4),Summer 2023,06/01/2023,14.38556501,
874804,365,Fine particles (PM 2.5),Mean,mcg/m3,CD,313,Coney Island (CD13),Summer 2023,06/01/2023,8.337358199,
874858,365,Fine particles (PM 2.5),Mean,mcg/m3,CD,413,Queens Village (CD13),Summer 2023,06/01/2023,8.60642687,
874535,365,Fine particles (PM 2.5),Mean,mcg/m3,UHF34,105106107,South Bronx,Summer 2023,06/01/2023,9.409821191,
874900,365,Fine particles (PM 2.5),Mean,mcg/m3,CD,305,East New York and Starrett City (CD5),Summer 2023,06/01/2023,8.832348602,
874891,365,Fine particles (PM 2.5),Mean,mcg/m3,CD,302,Fort Greene and Brooklyn Heights (CD2),Summer 2023,06/01/2023,9.189253309,
877137,375,Nitrogen dioxide (NO2),Mean,ppb,CD,204,Highbridge and Concourse (CD4),Summer 2023,06/01/2023,14.04503059,
874383,365,Fine particles (PM 2.5),Mean,mcg/m3,UHF34,209,Bensonhurst - Bay Ridge,Summer 2023,06/01/2023,8.502404761,
878204,386,Ozone (O3),Mean,ppb,UHF34,102,Northeast Bronx,Summer 2023,06/01/2023,33.69362355,
878183,386,Ozone (O3),Mean,ppb,UHF34,405,Ridgewood - Forest Hills,Summer 2023,06/01/2023,35.74608194,
878151,386,Ozone (O3),Mean,ppb,CD,208,Riverdale and Fieldston (CD8),Summer 2023,06/01/2023,29.62674459,
878153,386,Ozone (O3),Mean,ppb,CD,206,Belmont and East Tremont (CD6),Summer 2023,06/01/2023,32.73465101,
878201,386,Ozone (O3),Mean,ppb,UHF34,201,Greenpoint,Summer 2023,06/01/2023,33.7542222,
876972,375,Nitrogen dioxide (NO2),Mean,ppb,UHF42,410,Rockaways,Summer 2023,06/01/2023,6.471941886,
878228,386,Ozone (O3),Mean,ppb,UHF42,302,Central Harlem - Morningside Heights,Summer 2023,06/01/2023,31.47180591,
876918,375,Nitrogen dioxide (NO2),Mean,ppb,UHF42,302,Central Harlem - Morningside Heights,Summer 2023,06/01/2023,13.24169233,
878166,386,Ozone (O3),Mean,ppb,CD,105,Midtown (CD5),Summer 2023,06/01/2023,28.43469638,
877002,375,Nitrogen dioxide (NO2),Mean,ppb,UHF34,202,Downtown - Heights - Slope,Summer 2023,06/01/2023,14.02065338,
877035,375,Nitrogen dioxide (NO2),Mean,ppb,UHF34,302,Central Harlem - Morningside Heights,Summer 2023,06/01/2023,13.24164375,
877218,375,Nitrogen dioxide (NO2),Mean,ppb,CD,401,Long Island City and Astoria (CD1),Summer 2023,06/01/2023,14.86324093,
878231,386,Ozone (O3),Mean,ppb,UHF42,210,Coney Island - Sheepshead Bay,Summer 2023,06/01/2023,40.41763987,
874849,365,Fine particles (PM 2.5),Mean,mcg/m3,CD,410,South Ozone Park and Howard Beach (CD10),Summer 2023,06/01/2023,8.508712667,
874410,365,Fine particles (PM 2.5),Mean,mcg/m3,UHF34,104,Pelham - Throgs Neck,Summer 2023,06/01/2023,9.229392964,
878224,386,Ozone (O3),Mean,ppb,UHF42,306,Chelsea - Clinton,Summer 2023,06/01/2023,28.35317493,
874485,365,Fine particles (PM 2.5),Mean,mcg/m3,UHF42,303,East Harlem,Summer 2023,06/01/2023,9.187970378,
877089,375,Nitrogen dioxide (NO2),Mean,ppb,Citywide,1,New York City,Summer 2023,06/01/2023,11.86882363,
874422,365,Fine particles (PM 2.5),Mean,mcg/m3,UHF42,504,South Beach - Tottenville,Summer 2023,06/01/2023,8.221625406,
874577,365,Fine particles (PM 2.5),Mean,mcg/m3,UHF34,401,Long Island City - Astoria,Summer 2023,06/01/2023,9.441759835,
876855,375,Nitrogen dioxide (NO2),Mean,ppb,Borough,4,Queens,Summer 2023,06/01/2023,11.54967618,
878170,386,Ozone (O3),Mean,ppb,CD,101,Financial District (CD1),Summer 2023,06/01/2023,29.71969051,
878171,386,Ozone (O3),Mean,ppb,Citywide,1,New York City,Summer 2023,06/01/2023,35.53951634,
878199,386,Ozone (O3),Mean,ppb,UHF34,203,Bedford Stuyvesant - Crown Heights,Summer 2023,06/01/2023,36.15812507,
878238,386,Ozone (O3),Mean,ppb,UHF42,203,Bedford Stuyvesant - Crown Heights,Summer 2023,06/01/2023,36.15812507,
876963,375,Nitrogen dioxide (NO2),Mean,ppb,UHF42,407,Southwest Queens,Summer 2023,06/01/2023,11.94701212,
874912,365,Fine particles (PM 2.5),Mean,mcg/m3,CD,309,South Crown Heights and Lefferts Gardens (CD9),Summer 2023,06/01/2023,8.65103668,
877215,375,Nitrogen dioxide (NO2),Mean,ppb,CD,318,Flatlands and Canarsie (CD18),Summer 2023,06/01/2023,12.15486597,
878250,386,Ozone (O3),Mean,ppb,Borough,3,Manhattan,Summer 2023,06/01/2023,30.17314447,
878115,386,Ozone (O3),Mean,ppb,CD,303,Bedford Stuyvesant (CD3),Summer 2023,06/01/2023,35.69351113,
877077,375,Nitrogen dioxide (NO2),Mean,ppb,UHF34,404406,Bayside Little Neck-Fresh Meadows,Summer 2023,06/01/2023,10.0595772,
877053,375,Nitrogen dioxide (NO2),Mean,ppb,UHF34,405,Ridgewood - Forest Hills,Summer 2023,06/01/2023,12.71702853,
878236,386,Ozone (O3),Mean,ppb,UHF42,205,Sunset Park,Summer 2023,06/01/2023,34.50967942,
877128,375,Nitrogen dioxide (NO2),Mean,ppb,CD,201,Mott Haven and Melrose (CD1),Summer 2023,06/01/2023,14.89235269,
876888,375,Nitrogen dioxide (NO2),Mean,ppb,UHF42,203,Bedford Stuyvesant - Crown Heights,Summer 2023,06/01/2023,12.30403871,
877209,375,Nitrogen dioxide (NO2),Mean,ppb,CD,316,Brownsville (CD16),Summer 2023,06/01/2023,13.2820744,
874380,365,Fine particles (PM 2.5),Mean,mcg/m3,UHF34,210,Coney Island - Sheepshead Bay,Summer 2023,06/01/2023,8.334285294,
877056,375,Nitrogen dioxide (NO2),Mean,ppb,UHF34,407,Southwest Queens,Summer 2023,06/01/2023,11.94777145,
876894,375,Nitrogen dioxide (NO2),Mean,ppb,UHF42,205,Sunset Park,Summer 2023,06/01/2023,14.78195865,
878136,386,Ozone (O3),Mean,ppb,CD,406,Rego Park and Forest Hills (CD6),Summer 2023,06/01/2023,35.68088238,
878210,386,Ozone (O3),Mean,ppb,UHF42,410,Rockaways,Summer 2023,06/01/2023,43.33287409,
877266,375,Nitrogen dioxide (NO2),Mean,ppb,CD,503,Tottenville and Great Kills (CD3),Summer 2023,06/01/2023,7.724766395,
876927,375,Nitrogen dioxide (NO2),Mean,ppb,UHF42,305,Upper East Side,Summer 2023,06/01/2023,15.94308836,
878245,386,Ozone (O3),Mean,ppb,UHF42,103,Fordham - Bronx Pk,Summer 2023,06/01/2023,32.31051756,
876990,375,Nitrogen dioxide (NO2),Mean,ppb,UHF34,102,Northeast Bronx,Summer 2023,06/01/2023,11.62451231,
874347,365,Fine particles (PM 2.5),Mean,mcg/m3,UHF42,105,Crotona -Tremont,Summer 2023,06/01/2023,9.367923944,
877158,375,Nitrogen dioxide (NO2),Mean,ppb,CD,211,Morris Park and Bronxdale (CD11),Summer 2023,06/01/2023,11.49641693,
876912,375,Nitrogen dioxide (NO2),Mean,ppb,UHF42,211,Williamsburg - Bushwick,Summer 2023,06/01/2023,12.91683936,
876981,375,Nitrogen dioxide (NO2),Mean,ppb,UHF42,503,Willowbrook,Summer 2023,06/01/2023,8.087520711,
874822,365,Fine particles (PM 2.5),Mean,mcg/m3,CD,401,Long Island City and Astoria (CD1),Summer 2023,06/01/2023,9.218834383,
878242,386,Ozone (O3),Mean,ppb,UHF42,106,High Bridge - Morrisania,Summer 2023,06/01/2023,32.13694571,
877248,375,Nitrogen dioxide (NO2),Mean,ppb,CD,411,Bayside and Little Neck (CD11),Summer 2023,06/01/2023,9.702139848,
877167,375,Nitrogen dioxide (NO2),Mean,ppb,CD,302,Fort Greene and Brooklyn Heights (CD2),Summer 2023,06/01/2023,14.24285143,
874813,365,Fine particles (PM 2.5),Mean,mcg/m3,CD,316,Brownsville (CD16),Summer 2023,06/01/2023,8.830231955,
874894,365,Fine particles (PM 2.5),Mean,mcg/m3,CD,303,Bedford Stuyvesant (CD3),Summer 2023,06/01/2023,9.002668989,
878148,386,Ozone (O3),Mean,ppb,CD,211,Morris Park and Bronxdale (CD11),Summer 2023,06/01/2023,34.34050068,
878139,386,Ozone (O3),Mean,ppb,CD,409,Kew Gardens and Woodhaven (CD9),Summer 2023,06/01/2023,36.77790716,
876987,375,Nitrogen dioxide (NO2),Mean,ppb,UHF34,101,Kingsbridge - Riverdale,Summer 2023,06/01/2023,13.0538783,
874565,365,Fine particles (PM 2.5),Mean,mcg/m3,UHF34,407,Southwest Queens,Summer 2023,06/01/2023,8.614064163,
876921,375,Nitrogen dioxide (NO2),Mean,ppb,UHF42,303,East Harlem,Summer 2023,06/01/2023,13.82754858,
878133,386,Ozone (O3),Mean,ppb,CD,403,Jackson Heights (CD3),Summer 2023,06/01/2023,34.54442893,
874867,365,Fine particles (PM 2.5),Mean,mcg/m3,CD,502,South Beach and Willowbrook (CD2),Summer 2023,06/01/2023,8.411168198,
874897,365,Fine particles (PM 2.5),Mean,mcg/m3,CD,304,Bushwick (CD4),Summer 2023,06/01/2023,9.148943181,
877083,375,Nitrogen dioxide (NO2),Mean,ppb,UHF34,503504,Southern SI,Summer 2023,06/01/2023,7.913673334,
878155,386,Ozone (O3),Mean,ppb,CD,204,Highbridge and Concourse (CD4),Summer 2023,06/01/2023,31.89345109,
878168,386,Ozone (O3),Mean,ppb,CD,103,Lower East Side and Chinatown (CD3),Summer 2023,06/01/2023,31.25788895,
878116,386,Ozone (O3),Mean,ppb,CD,304,Bushwick (CD4),Summer 2023,06/01/2023,35.79837826,
878173,386,Ozone (O3),Mean,ppb,UHF34,503504,Southern SI,Summer 2023,06/01/2023,35.80713329,
878156,386,Ozone (O3),Mean,ppb,CD,203,Morrisania and Crotona (CD3),Summer 2023,06/01/2023,32.51779978,
878182,386,Ozone (O3),Mean,ppb,UHF34,407,Southwest Queens,Summer 2023,06/01/2023,37.44642533,
878131,386,Ozone (O3),Mean,ppb,CD,401,Long Island City and Astoria (CD1),Summer 2023,06/01/2023,33.55858112,
878197,386,Ozone (O3),Mean,ppb,UHF34,205,Sunset Park,Summer 2023,06/01/2023,34.50958622,
878212,386,Ozone (O3),Mean,ppb,UHF42,408,Jamaica,Summer 2023,06/01/2023,37.42089146,
876984,375,Nitrogen dioxide (NO2),Mean,ppb,UHF42,504,South Beach - Tottenville,Summer 2023,06/01/2023,7.811353356,
874377,365,Fine particles (PM 2.5),Mean,mcg/m3,UHF34,211,Williamsburg - Bushwick,Summer 2023,06/01/2023,9.266873894,
874589,365,Fine particles (PM 2.5),Mean,mcg/m3,UHF34,301,Washington Heights,Summer 2023,06/01/2023,9.349912733,
878235,386,Ozone (O3),Mean,ppb,UHF42,206,Borough Park,Summer 2023,06/01/2023,37.40360507,
874493,365,Fine particles (PM 2.5),Mean,mcg/m3,CD,201,Mott Haven and Melrose (CD1),Summer 2023,06/01/2023,9.493704165,
878214,386,Ozone (O3),Mean,ppb,UHF42,406,Fresh Meadows,Summer 2023,06/01/2023,36.91926086,
874602,365,Fine particles (PM 2.5),Mean,mcg/m3,CD,205,Fordham and University Heights (CD5),Summer 2023,06/01/2023,9.294695775,
874828,365,Fine particles (PM 2.5),Mean,mcg/m3,CD,403,Jackson Heights (CD3),Summer 2023,06/01/2023,8.947893443,
876951,375,Nitrogen dioxide (NO2),Mean,ppb,UHF42,403,Flushing - Clearview,Summer 2023,06/01/2023,11.20188456,
877170,375,Nitrogen dioxide (NO2),Mean,ppb,CD,303,Bedford Stuyvesant (CD3),Summer 2023,06/01/2023,11.9265525,
874443,365,Fine particles (PM 2.5),Mean,mcg/m3,UHF42,407,Southwest Queens,Summer 2023,06/01/2023,8.613922725,
877224,375,Nitrogen dioxide (NO2),Mean,ppb,CD,403,Jackson Heights (CD3),Summer 2023,06/01/2023,14.44028402,
874386,365,Fine particles (PM 2.5),Mean,mcg/m3,UHF34,208,Canarsie - Flatlands,Summer 2023,06/01/2023,8.481373961,
878232,386,Ozone (O3),Mean,ppb,UHF42,209,Bensonhurst - Bay Ridge,Summer 2023,06/01/2023,37.30085065,
877173,375,Nitrogen dioxide (NO2),Mean,ppb,CD,304,Bushwick (CD4),Summer 2023,06/01/2023,12.87565067,
878184,386,Ozone (O3),Mean,ppb,UHF34,403,Flushing - Clearview,Summer 2023,06/01/2023,36.69427293,
874843,365,Fine particles (PM 2.5),Mean,mcg/m3,CD,408,Hillcrest and Fresh Meadows (CD8),Summer 2023,06/01/2023,8.651387801,
877029,375,Nitrogen dioxide (NO2),Mean,ppb,UHF34,211,Williamsburg - Bushwick,Summer 2023,06/01/2023,12.91683936,
874583,365,Fine particles (PM 2.5),Mean,mcg/m3,UHF34,303,East Harlem,Summer 2023,06/01/2023,9.187970378,
874317,365,Fine particles (PM 2.5),Mean,mcg/m3,UHF42,208,Canarsie - Flatlands,Summer 2023,06/01/2023,8.481373961,
878248,386,Ozone (O3),Mean,ppb,Borough,5,Staten Island,Summer 2023,06/01/2023,34.99660591,
878208,386,Ozone (O3),Mean,ppb,UHF42,502,Stapleton - St. George,Summer 2023,06/01/2023,33.37983804,
876969,375,Nitrogen dioxide (NO2),Mean,ppb,UHF42,409,Southeast Queens,Summer 2023,06/01/2023,10.27182199,
877206,375,Nitrogen dioxide (NO2),Mean,ppb,CD,315,Sheepshead Bay (CD15),Summer 2023,06/01/2023,10.44203792,
874419,365,Fine particles (PM 2.5),Mean,mcg/m3,UHF34,101,Kingsbridge - Riverdale,Summer 2023,06/01/2023,9.265788318,
878128,386,Ozone (O3),Mean,ppb,CD,316,Brownsville (CD16),Summer 2023,06/01/2023,36.35684649,
874350,365,Fine particles (PM 2.5),Mean,mcg/m3,UHF42,104,Pelham - Throgs Neck,Summer 2023,06/01/2023,9.229392964,
876945,375,Nitrogen dioxide (NO2),Mean,ppb,UHF42,401,Long Island City - Astoria,Summer 2023,06/01/2023,15.48445494,
874640,365,Fine particles (PM 2.5),Mean,mcg/m3,CD,207,Kingsbridge Heights and Bedford (CD7),Summer 2023,06/01/2023,9.253896055,
878120,386,Ozone (O3),Mean,ppb,CD,308,Crown Heights and Prospect Heights (CD8),Summer 2023,06/01/2023,36.06213115,
874449,365,Fine particles (PM 2.5),Mean,mcg/m3,UHF42,405,Ridgewood - Forest Hills,Summer 2023,06/01/2023,8.875708042,
877197,375,Nitrogen dioxide (NO2),Mean,ppb,CD,312,Borough Park (CD12),Summer 2023,06/01/2023,11.89557531,
874431,365,Fine particles (PM 2.5),Mean,mcg/m3,UHF42,501,Port Richmond,Summer 2023,06/01/2023,8.686260792,
877254,375,Nitrogen dioxide (NO2),Mean,ppb,CD,413,Queens Village (CD13),Summer 2023,06/01/2023,10.44014289,
878154,386,Ozone (O3),Mean,ppb,CD,205,Fordham and University Heights (CD5),Summer 2023,06/01/2023,31.7873767,
876846,375,Nitrogen dioxide (NO2),Mean,ppb,Borough,1,Bronx,Summer 2023,06/01/2023,12.81913123,
878135,386,Ozone (O3),Mean,ppb,CD,405,Ridgewood and Maspeth (CD5),Summer 2023,06/01/2023,35.46425332,
877110,375,Nitrogen dioxide (NO2),Mean,ppb,CD,107,Upper West Side (CD7),Summer 2023,06/01/2023,15.71228819,
876873,375,Nitrogen dioxide (NO2),Mean,ppb,UHF42,105,Crotona -Tremont,Summer 2023,06/01/2023,14.08557751,
877122,375,Nitrogen dioxide (NO2),Mean,ppb,CD,111,East Harlem (CD11),Summer 2023,06/01/2023,13.81264623,
874511,365,Fine particles (PM 2.5),Mean,mcg/m3,CD,107,Upper West Side (CD7),Summer 2023,06/01/2023,9.173802061,
874365,365,Fine particles (PM 2.5),Mean,mcg/m3,Borough,4,Queens,Summer 2023,06/01/2023,8.791795544,
874541,365,Fine particles (PM 2.5),Mean,mcg/m3,UHF34,501502,Northern SI,Summer 2023,06/01/2023,8.531657499,
877233,375,Nitrogen dioxide (NO2),Mean,ppb,CD,406,Rego Park and Forest Hills (CD6),Summer 2023,06/01/2023,12.58622382,
874479,365,Fine particles (PM 2.5),Mean,mcg/m3,UHF42,305,Upper East Side,Summer 2023,06/01/2023,9.152812817,
874538,365,Fine particles (PM 2.5),Mean,mcg/m3,UHF34,503504,Southern SI,Summer 2023,06/01/2023,8.314094524,
876978,375,Nitrogen dioxide (NO2),Mean,ppb,UHF42,502,Stapleton - St. George,Summer 2023,06/01/2023,13.15912683,
874840,365,Fine particles (PM 2.5),Mean,mcg/m3,CD,407,Flushing and Whitestone (CD7),Summer 2023,06/01/2023,8.911945787,
874574,365,Fine particles (PM 2.5),Mean,mcg/m3,UHF34,402,West Queens,Summer 2023,06/01/2023,9.23668133,
878191,386,Ozone (O3),Mean,ppb,UHF34,211,Williamsburg - Bushwick,Summer 2023,06/01/2023,35.49941831,
878164,386,Ozone (O3),Mean,ppb,CD,107,Upper West Side (CD7),Summer 2023,06/01/2023,29.73775761,
878189,386,Ozone (O3),Mean,ppb,UHF34,302,Central Harlem - Morningside Heights,Summer 2023,06/01/2023,31.47215121,
876915,375,Nitrogen dioxide (NO2),Mean,ppb,UHF42,301,Washington Heights,Summer 2023,06/01/2023,14.17961956,
876996,375,Nitrogen dioxide (NO2),Mean,ppb,UHF34,104,Pelham - Throgs Neck,Summer 2023,06/01/2023,12.06848595,
874488,365,Fine particles (PM 2.5),Mean,mcg/m3,UHF42,302,Central Harlem - Morningside Heights,Summer 2023,06/01/2023,9.206518962,
878239,386,Ozone (O3),Mean,ppb,UHF42,202,Downtown - Heights - Slope,Summer 2023,06/01/2023,33.86869045,
877253,375,Nitrogen dioxide (NO2),Mean,ppb,CD,413,Queens Village (CD13),Annual Average 2023,01/01/2023,14.84317832,
874604,365,Fine particles (PM 2.5),Mean,mcg/m3,CD,206,Belmont and East Tremont (CD6),Annual Average 2023,01/01/2023,7.00445686,
876869,375,Nitrogen dioxide (NO2),Mean,ppb,UHF42,104,Pelham - Throgs Neck,Annual Average 2023,01/01/2023,15.56944138,
874587,365,Fine particles (PM 2.5),Mean,mcg/m3,UHF34,302,Central Harlem - Morningside Heights,Annual Average 2023,01/01/2023,6.918874416,
876866,375,Nitrogen dioxide (NO2),Mean,ppb,UHF42,103,Fordham - Bronx Pk,Annual Average 2023,01/01/2023,15.00464812,
877043,375,Nitrogen dioxide (NO2),Mean,ppb,UHF34,401,Long Island City - Astoria,Annual Average 2023,01/01/2023,18.41015665,
877001,375,Nitrogen dioxide (NO2),Mean,ppb,UHF34,202,Downtown - Heights - Slope,Annual Average 2023,01/01/2023,18.2876131,
874836,365,Fine particles (PM 2.5),Mean,mcg/m3,CD,406,Rego Park and Forest Hills (CD6),Annual Average 2023,01/01/2023,6.569370022,
874405,365,Fine particles (PM 2.5),Mean,mcg/m3,UHF34,202,Downtown - Heights - Slope,Annual Average 2023,01/01/2023,7.157937732,
877157,375,Nitrogen dioxide (NO2),Mean,ppb,CD,211,Morris Park and Bronxdale (CD11),Annual Average 2023,01/01/2023,14.84932053,
874842,365,Fine particles (PM 2.5),Mean,mcg/m3,CD,408,Hillcrest and Fresh Meadows (CD8),Annual Average 2023,01/01/2023,6.464206042,
877046,375,Nitrogen dioxide (NO2),Mean,ppb,UHF34,402,West Queens,Annual Average 2023,01/01/2023,18.4099093,
877163,375,Nitrogen dioxide (NO2),Mean,ppb,CD,301,Greenpoint and Williamsburg (CD1),Annual Average 2023,01/01/2023,19.3591317,
874884,365,Fine particles (PM 2.5),Mean,mcg/m3,CD,212,Williamsbridge and Baychester (CD12),Annual Average 2023,01/01/2023,6.814022519,
876920,375,Nitrogen dioxide (NO2),Mean,ppb,UHF42,303,East Harlem,Annual Average 2023,01/01/2023,16.33588174,
877133,375,Nitrogen dioxide (NO2),Mean,ppb,CD,203,Morrisania and Crotona (CD3),Annual Average 2023,01/01/2023,16.96020308,
876848,375,Nitrogen dioxide (NO2),Mean,ppb,Borough,2,Brooklyn,Annual Average 2023,01/01/2023,16.61819734,
876878,375,Nitrogen dioxide (NO2),Mean,ppb,UHF42,107,Hunts Point - Mott Haven,Annual Average 2023,01/01/2023,17.52685837,
877016,375,Nitrogen dioxide (NO2),Mean,ppb,UHF34,207,East Flatbush - Flatbush,Annual Average 2023,01/01/2023,16.14575343,
874887,365,Fine particles (PM 2.5),Mean,mcg/m3,CD,301,Greenpoint and Williamsburg (CD1),Annual Average 2023,01/01/2023,7.403432533,
876902,375,Nitrogen dioxide (NO2),Mean,ppb,UHF42,208,Canarsie - Flatlands,Annual Average 2023,01/01/2023,14.86254075,
877034,375,Nitrogen dioxide (NO2),Mean,ppb,UHF34,302,Central Harlem - Morningside Heights,Annual Average 2023,01/01/2023,16.2940219,
877214,375,Nitrogen dioxide (NO2),Mean,ppb,CD,318,Flatlands and Canarsie (CD18),Annual Average 2023,01/01/2023,14.76353255,
876899,375,Nitrogen dioxide (NO2),Mean,ppb,UHF42,207,East Flatbush - Flatbush,Annual Average 2023,01/01/2023,16.14575343,
876962,375,Nitrogen dioxide (NO2),Mean,ppb,UHF42,407,Southwest Queens,Annual Average 2023,01/01/2023,15.32807265,
874354,365,Fine particles (PM 2.5),Mean,mcg/m3,UHF42,103,Fordham - Bronx Pk,Annual Average 2023,01/01/2023,6.836602443,
874444,365,Fine particles (PM 2.5),Mean,mcg/m3,UHF42,407,Southwest Queens,Annual Average 2023,01/01/2023,6.516343941,
874441,365,Fine particles (PM 2.5),Mean,mcg/m3,UHF42,408,Jamaica,Annual Average 2023,01/01/2023,6.589261584,
874438,365,Fine particles (PM 2.5),Mean,mcg/m3,UHF42,409,Southeast Queens,Annual Average 2023,01/01/2023,6.386811098,
877040,375,Nitrogen dioxide (NO2),Mean,ppb,UHF34,304,Upper West Side,Annual Average 2023,01/01/2023,18.37524707,
877055,375,Nitrogen dioxide (NO2),Mean,ppb,UHF34,407,Southwest Queens,Annual Average 2023,01/01/2023,15.32921165,
874824,365,Fine particles (PM 2.5),Mean,mcg/m3,CD,402,Woodside and Sunnyside (CD2),Annual Average 2023,01/01/2023,7.395583107,
874366,365,Fine particles (PM 2.5),Mean,mcg/m3,Borough,4,Queens,Annual Average 2023,01/01/2023,6.629774049,
877265,375,Nitrogen dioxide (NO2),Mean,ppb,CD,503,Tottenville and Great Kills (CD3),Annual Average 2023,01/01/2023,10.33265438,
876986,375,Nitrogen dioxide (NO2),Mean,ppb,UHF34,101,Kingsbridge - Riverdale,Annual Average 2023,01/01/2023,14.61424758,
877109,375,Nitrogen dioxide (NO2),Mean,ppb,CD,107,Upper West Side (CD7),Annual Average 2023,01/01/2023,18.4344396,
876875,375,Nitrogen dioxide (NO2),Mean,ppb,UHF42,106,High Bridge - Morrisania,Annual Average 2023,01/01/2023,17.0841194,
877184,375,Nitrogen dioxide (NO2),Mean,ppb,CD,308,Crown Heights and Prospect Heights (CD8),Annual Average 2023,01/01/2023,16.9515928,
874396,365,Fine particles (PM 2.5),Mean,mcg/m3,UHF34,205,Sunset Park,Annual Average 2023,01/01/2023,7.082420762,
876983,375,Nitrogen dioxide (NO2),Mean,ppb,UHF42,504,South Beach - Tottenville,Annual Average 2023,01/01/2023,10.46443118,
874821,365,Fine particles (PM 2.5),Mean,mcg/m3,CD,401,Long Island City and Astoria (CD1),Annual Average 2023,01/01/2023,6.99898229,
877085,375,Nitrogen dioxide (NO2),Mean,ppb,UHF34,105106107,South Bronx,Annual Average 2023,01/01/2023,17.32567467,
876923,375,Nitrogen dioxide (NO2),Mean,ppb,UHF42,304,Upper West Side,Annual Average 2023,01/01/2023,18.37552079,
877220,375,Nitrogen dioxide (NO2),Mean,ppb,CD,402,Woodside and Sunnyside (CD2),Annual Average 2023,01/01/2023,19.85831015,
877097,375,Nitrogen dioxide (NO2),Mean,ppb,CD,103,Lower East Side and Chinatown (CD3),Annual Average 2023,01/01/2023,18.61747837,
877241,375,Nitrogen dioxide (NO2),Mean,ppb,CD,409,Kew Gardens and Woodhaven (CD9),Annual Average 2023,01/01/2023,16.19117898,
874489,365,Fine particles (PM 2.5),Mean,mcg/m3,UHF42,302,Central Harlem - Morningside Heights,Annual Average 2023,01/01/2023,6.918861081,
874639,365,Fine particles (PM 2.5),Mean,mcg/m3,CD,207,Kingsbridge Heights and Bedford (CD7),Annual Average 2023,01/01/2023,6.868584368,
877205,375,Nitrogen dioxide (NO2),Mean,ppb,CD,315,Sheepshead Bay (CD15),Annual Average 2023,01/01/2023,14.09699289,
876956,375,Nitrogen dioxide (NO2),Mean,ppb,UHF42,405,Ridgewood - Forest Hills,Annual Average 2023,01/01/2023,16.73212203,
877061,375,Nitrogen dioxide (NO2),Mean,ppb,UHF34,409,Southeast Queens,Annual Average 2023,01/01/2023,14.68916203,
876980,375,Nitrogen dioxide (NO2),Mean,ppb,UHF42,503,Willowbrook,Annual Average 2023,01/01/2023,12.776213,
876926,375,Nitrogen dioxide (NO2),Mean,ppb,UHF42,305,Upper East Side,Annual Average 2023,01/01/2023,18.98075633,
874345,365,Fine particles (PM 2.5),Mean,mcg/m3,UHF42,106,High Bridge - Morrisania,Annual Average 2023,01/01/2023,6.910426411,
874598,365,Fine particles (PM 2.5),Mean,mcg/m3,CD,204,Highbridge and Concourse (CD4),Annual Average 2023,01/01/2023,6.885403405,
874595,365,Fine particles (PM 2.5),Mean,mcg/m3,CD,203,Morrisania and Crotona (CD3),Annual Average 2023,01/01/2023,7.047626594,
874848,365,Fine particles (PM 2.5),Mean,mcg/m3,CD,410,South Ozone Park and Howard Beach (CD10),Annual Average 2023,01/01/2023,6.406497953,
874860,365,Fine particles (PM 2.5),Mean,mcg/m3,CD,414,Rockaway and Broad Channel (CD14),Annual Average 2023,01/01/2023,6.124139701,
874899,365,Fine particles (PM 2.5),Mean,mcg/m3,CD,305,East New York and Starrett City (CD5),Annual Average 2023,01/01/2023,6.738729025,
877010,375,Nitrogen dioxide (NO2),Mean,ppb,UHF34,205,Sunset Park,Annual Average 2023,01/01/2023,19.113309,
877127,375,Nitrogen dioxide (NO2),Mean,ppb,CD,201,Mott Haven and Melrose (CD1),Annual Average 2023,01/01/2023,17.71582761,
877169,375,Nitrogen dioxide (NO2),Mean,ppb,CD,303,Bedford Stuyvesant (CD3),Annual Average 2023,01/01/2023,17.04140309,
876932,375,Nitrogen dioxide (NO2),Mean,ppb,UHF42,307,Gramercy Park - Murray Hill,Annual Average 2023,01/01/2023,23.59502328,
877064,375,Nitrogen dioxide (NO2),Mean,ppb,UHF34,410,Rockaways,Annual Average 2023,01/01/2023,9.382766304,
874896,365,Fine particles (PM 2.5),Mean,mcg/m3,CD,304,Bushwick (CD4),Annual Average 2023,01/01/2023,7.108952649,
877019,375,Nitrogen dioxide (NO2),Mean,ppb,UHF34,208,Canarsie - Flatlands,Annual Average 2023,01/01/2023,14.86254075,
876935,375,Nitrogen dioxide (NO2),Mean,ppb,UHF42,308,Greenwich Village - SoHo,Annual Average 2023,01/01/2023,22.06564052,
876953,375,Nitrogen dioxide (NO2),Mean,ppb,UHF42,404,Bayside - Little Neck,Annual Average 2023,01/01/2023,14.92994837,
874818,365,Fine particles (PM 2.5),Mean,mcg/m3,CD,318,Flatlands and Canarsie (CD18),Annual Average 2023,01/01/2023,6.397138835,
874411,365,Fine particles (PM 2.5),Mean,mcg/m3,UHF34,104,Pelham - Throgs Neck,Annual Average 2023,01/01/2023,6.882374275,
877226,375,Nitrogen dioxide (NO2),Mean,ppb,CD,404,Elmhurst and Corona (CD4),Annual Average 2023,01/01/2023,17.73760296,
877190,375,Nitrogen dioxide (NO2),Mean,ppb,CD,310,Bay Ridge and Dyker Heights (CD10),Annual Average 2023,01/01/2023,17.71452907,
877211,375,Nitrogen dioxide (NO2),Mean,ppb,CD,317,East Flatbush (CD17),Annual Average 2023,01/01/2023,16.60311565,
874536,365,Fine particles (PM 2.5),Mean,mcg/m3,UHF34,105106107,South Bronx,Annual Average 2023,01/01/2023,7.041579913,
877112,375,Nitrogen dioxide (NO2),Mean,ppb,CD,108,Upper East Side (CD8),Annual Average 2023,01/01/2023,19.05050224,
874809,365,Fine particles (PM 2.5),Mean,mcg/m3,CD,315,Sheepshead Bay (CD15),Annual Average 2023,01/01/2023,6.348332281,
874503,365,Fine particles (PM 2.5),Mean,mcg/m3,CD,110,Central Harlem (CD10),Annual Average 2023,01/01/2023,6.90482808,
877013,375,Nitrogen dioxide (NO2),Mean,ppb,UHF34,206,Borough Park,Annual Average 2023,01/01/2023,16.34559611,
874845,365,Fine particles (PM 2.5),Mean,mcg/m3,CD,409,Kew Gardens and Woodhaven (CD9),Annual Average 2023,01/01/2023,6.69617719,
877082,375,Nitrogen dioxide (NO2),Mean,ppb,UHF34,503504,Southern SI,Annual Average 2023,01/01/2023,11.32094611,
877238,375,Nitrogen dioxide (NO2),Mean,ppb,CD,408,Hillcrest and Fresh Meadows (CD8),Annual Average 2023,01/01/2023,15.110238,
874399,365,Fine particles (PM 2.5),Mean,mcg/m3,UHF34,204,East New York,Annual Average 2023,01/01/2023,6.78513582,
874866,365,Fine particles (PM 2.5),Mean,mcg/m3,CD,502,South Beach and Willowbrook (CD2),Annual Average 2023,01/01/2023,6.253619748,
874890,365,Fine particles (PM 2.5),Mean,mcg/m3,CD,302,Fort Greene and Brooklyn Heights (CD2),Annual Average 2023,01/01/2023,7.154167222,
874381,365,Fine particles (PM 2.5),Mean,mcg/m3,UHF34,210,Coney Island - Sheepshead Bay,Annual Average 2023,01/01/2023,6.353517613,
874563,365,Fine particles (PM 2.5),Mean,mcg/m3,UHF34,408,Jamaica,Annual Average 2023,01/01/2023,6.589282584,
877136,375,Nitrogen dioxide (NO2),Mean,ppb,CD,204,Highbridge and Concourse (CD4),Annual Average 2023,01/01/2023,17.2006952,
876908,375,Nitrogen dioxide (NO2),Mean,ppb,UHF42,210,Coney Island - Sheepshead Bay,Annual Average 2023,01/01/2023,13.9507122,
876974,375,Nitrogen dioxide (NO2),Mean,ppb,UHF42,501,Port Richmond,Annual Average 2023,01/01/2023,16.2770395,
876857,375,Nitrogen dioxide (NO2),Mean,ppb,Borough,5,Staten Island,Annual Average 2023,01/01/2023,12.72165158,
874566,365,Fine particles (PM 2.5),Mean,mcg/m3,UHF34,407,Southwest Queens,Annual Average 2023,01/01/2023,6.516490055,
877130,375,Nitrogen dioxide (NO2),Mean,ppb,CD,202,Hunts Point and Longwood (CD2),Annual Average 2023,01/01/2023,18.29599911,
874893,365,Fine particles (PM 2.5),Mean,mcg/m3,CD,303,Bedford Stuyvesant (CD3),Annual Average 2023,01/01/2023,6.948465531,
877148,375,Nitrogen dioxide (NO2),Mean,ppb,CD,208,Riverdale and Fieldston (CD8),Annual Average 2023,01/01/2023,14.55565297,
874839,365,Fine particles (PM 2.5),Mean,mcg/m3,CD,407,Flushing and Whitestone (CD7),Annual Average 2023,01/01/2023,6.694997318,
874435,365,Fine particles (PM 2.5),Mean,mcg/m3,UHF42,410,Rockaways,Annual Average 2023,01/01/2023,6.126453405,
877142,375,Nitrogen dioxide (NO2),Mean,ppb,CD,206,Belmont and East Tremont (CD6),Annual Average 2023,01/01/2023,16.59576199,
877007,375,Nitrogen dioxide (NO2),Mean,ppb,UHF34,204,East New York,Annual Average 2023,01/01/2023,17.34115089,
874857,365,Fine particles (PM 2.5),Mean,mcg/m3,CD,413,Queens Village (CD13),Annual Average 2023,01/01/2023,6.433230593,
874408,365,Fine particles (PM 2.5),Mean,mcg/m3,UHF34,201,Greenpoint,Annual Average 2023,01/01/2023,7.360784329,
874453,365,Fine particles (PM 2.5),Mean,mcg/m3,UHF42,404,Bayside - Little Neck,Annual Average 2023,01/01/2023,6.483274289,
874911,365,Fine particles (PM 2.5),Mean,mcg/m3,CD,309,South Crown Heights and Lefferts Gardens (CD9),Annual Average 2023,01/01/2023,6.607931748,
874830,365,Fine particles (PM 2.5),Mean,mcg/m3,CD,404,Elmhurst and Corona (CD4),Annual Average 2023,01/01/2023,6.901935499,
876914,375,Nitrogen dioxide (NO2),Mean,ppb,UHF42,301,Washington Heights,Annual Average 2023,01/01/2023,17.0536503,
874590,365,Fine particles (PM 2.5),Mean,mcg/m3,UHF34,301,Washington Heights,Annual Average 2023,01/01/2023,6.983802487,
876950,375,Nitrogen dioxide (NO2),Mean,ppb,UHF42,403,Flushing - Clearview,Annual Average 2023,01/01/2023,15.33604753,
877076,375,Nitrogen dioxide (NO2),Mean,ppb,UHF34,404406,Bayside Little Neck-Fresh Meadows,Annual Average 2023,01/01/2023,15.04427297,
874920,365,Fine particles (PM 2.5),Mean,mcg/m3,CD,312,Borough Park (CD12),Annual Average 2023,01/01/2023,6.619159313,
874521,365,Fine particles (PM 2.5),Mean,mcg/m3,CD,104,Clinton and Chelsea (CD4),Annual Average 2023,01/01/2023,7.835329515,
874315,365,Fine particles (PM 2.5),Mean,mcg/m3,UHF42,209,Bensonhurst - Bay Ridge,Annual Average 2023,01/01/2023,6.474937547,
874581,365,Fine particles (PM 2.5),Mean,mcg/m3,UHF34,304,Upper West Side,Annual Average 2023,01/01/2023,6.873842959,
874378,365,Fine particles (PM 2.5),Mean,mcg/m3,UHF34,211,Williamsburg - Bushwick,Annual Average 2023,01/01/2023,7.22773619,
874339,365,Fine particles (PM 2.5),Mean,mcg/m3,UHF42,201,Greenpoint,Annual Average 2023,01/01/2023,7.360784329,
877100,375,Nitrogen dioxide (NO2),Mean,ppb,CD,104,Clinton and Chelsea (CD4),Annual Average 2023,01/01/2023,22.93707442,
874851,365,Fine particles (PM 2.5),Mean,mcg/m3,CD,411,Bayside and Little Neck (CD11),Annual Average 2023,01/01/2023,6.481628694,
877232,375,Nitrogen dioxide (NO2),Mean,ppb,CD,406,Rego Park and Forest Hills (CD6),Annual Average 2023,01/01/2023,16.40970406,
876884,375,Nitrogen dioxide (NO2),Mean,ppb,UHF42,202,Downtown - Heights - Slope,Annual Average 2023,01/01/2023,18.2876131,
876851,375,Nitrogen dioxide (NO2),Mean,ppb,Borough,3,Manhattan,Annual Average 2023,01/01/2023,19.52330736,
876887,375,Nitrogen dioxide (NO2),Mean,ppb,UHF42,203,Bedford Stuyvesant - Crown Heights,Annual Average 2023,01/01/2023,16.98747135,
874557,365,Fine particles (PM 2.5),Mean,mcg/m3,UHF34,410,Rockaways,Annual Average 2023,01/01/2023,6.126453405,
874500,365,Fine particles (PM 2.5),Mean,mcg/m3,CD,111,East Harlem (CD11),Annual Average 2023,01/01/2023,6.915963164,
874402,365,Fine particles (PM 2.5),Mean,mcg/m3,UHF34,203,Bedford Stuyvesant - Crown Heights,Annual Average 2023,01/01/2023,6.819560152,
876977,375,Nitrogen dioxide (NO2),Mean,ppb,UHF42,502,Stapleton - St. George,Annual Average 2023,01/01/2023,15.89623357,
876947,375,Nitrogen dioxide (NO2),Mean,ppb,UHF42,402,West Queens,Annual Average 2023,01/01/2023,18.4099093,
877124,375,Nitrogen dioxide (NO2),Mean,ppb,CD,112,Washington Heights and Inwood (CD12),Annual Average 2023,01/01/2023,17.24464637,
876896,375,Nitrogen dioxide (NO2),Mean,ppb,UHF42,206,Borough Park,Annual Average 2023,01/01/2023,16.34559611,
874527,365,Fine particles (PM 2.5),Mean,mcg/m3,CD,102,Greenwich Village and Soho (CD2),Annual Average 2023,01/01/2023,8.076197121,
874530,365,Fine particles (PM 2.5),Mean,mcg/m3,CD,101,Financial District (CD1),Annual Average 2023,01/01/2023,7.404980793,
874426,365,Fine particles (PM 2.5),Mean,mcg/m3,UHF42,503,Willowbrook,Annual Average 2023,01/01/2023,6.286520688,
874333,365,Fine particles (PM 2.5),Mean,mcg/m3,UHF42,203,Bedford Stuyvesant - Crown Heights,Annual Average 2023,01/01/2023,6.819560152,
874360,365,Fine particles (PM 2.5),Mean,mcg/m3,UHF42,101,Kingsbridge - Riverdale,Annual Average 2023,01/01/2023,6.800834953,
874327,365,Fine particles (PM 2.5),Mean,mcg/m3,UHF42,205,Sunset Park,Annual Average 2023,01/01/2023,7.082294009,
874309,365,Fine particles (PM 2.5),Mean,mcg/m3,UHF42,211,Williamsburg - Bushwick,Annual Average 2023,01/01/2023,7.22773619,
876971,375,Nitrogen dioxide (NO2),Mean,ppb,UHF42,410,Rockaways,Annual Average 2023,01/01/2023,9.382766304,
876893,375,Nitrogen dioxide (NO2),Mean,ppb,UHF42,205,Sunset Park,Annual Average 2023,01/01/2023,19.11270949,
874369,365,Fine particles (PM 2.5),Mean,mcg/m3,Borough,3,Manhattan,Annual Average 2023,01/01/2023,7.306428575,
874429,365,Fine particles (PM 2.5),Mean,mcg/m3,UHF42,502,Stapleton - St. George,Annual Average 2023,01/01/2023,6.305643335,
874486,365,Fine particles (PM 2.5),Mean,mcg/m3,UHF42,303,East Harlem,Annual Average 2023,01/01/2023,6.902077131,
874387,365,Fine particles (PM 2.5),Mean,mcg/m3,UHF34,208,Canarsie - Flatlands,Annual Average 2023,01/01/2023,6.421526367,
874515,365,Fine particles (PM 2.5),Mean,mcg/m3,CD,106,Stuyvesant Town and Turtle Bay (CD6),Annual Average 2023,01/01/2023,7.531148057,
874342,365,Fine particles (PM 2.5),Mean,mcg/m3,UHF42,107,Hunts Point - Mott Haven,Annual Average 2023,01/01/2023,7.159500847,
874878,365,Fine particles (PM 2.5),Mean,mcg/m3,CD,210,Throgs Neck and Co-op City (CD10),Annual Average 2023,01/01/2023,6.801974169,
874601,365,Fine particles (PM 2.5),Mean,mcg/m3,CD,205,Fordham and University Heights (CD5),Annual Average 2023,01/01/2023,6.896787389,
874812,365,Fine particles (PM 2.5),Mean,mcg/m3,CD,316,Brownsville (CD16),Annual Average 2023,01/01/2023,6.754091415,
874548,365,Fine particles (PM 2.5),Mean,mcg/m3,UHF34,309310,Union Square-Lower Manhattan,Annual Average 2023,01/01/2023,7.440591798,
874372,365,Fine particles (PM 2.5),Mean,mcg/m3,Borough,2,Brooklyn,Annual Average 2023,01/01/2023,6.730894136,
876872,375,Nitrogen dioxide (NO2),Mean,ppb,UHF42,105,Crotona -Tremont,Annual Average 2023,01/01/2023,17.27046057,
877073,375,Nitrogen dioxide (NO2),Mean,ppb,UHF34,309310,Union Square-Lower Manhattan,Annual Average 2023,01/01/2023,19.79711715,
877208,375,Nitrogen dioxide (NO2),Mean,ppb,CD,316,Brownsville (CD16),Annual Average 2023,01/01/2023,17.43709819,
877187,375,Nitrogen dioxide (NO2),Mean,ppb,CD,309,South Crown Heights and Lefferts Gardens (CD9),Annual Average 2023,01/01/2023,16.06925449,
877025,375,Nitrogen dioxide (NO2),Mean,ppb,UHF34,210,Coney Island - Sheepshead Bay,Annual Average 2023,01/01/2023,13.9507122,
874336,365,Fine particles (PM 2.5),Mean,mcg/m3,UHF42,202,Downtown - Heights - Slope,Annual Average 2023,01/01/2023,7.157937732,
877022,375,Nitrogen dioxide (NO2),Mean,ppb,UHF34,209,Bensonhurst - Bay Ridge,Annual Average 2023,01/01/2023,16.38828037,
874509,365,Fine particles (PM 2.5),Mean,mcg/m3,CD,108,Upper East Side (CD8),Annual Average 2023,01/01/2023,6.991796515,
877049,375,Nitrogen dioxide (NO2),Mean,ppb,UHF34,403,Flushing - Clearview,Annual Average 2023,01/01/2023,15.32958272,
877115,375,Nitrogen dioxide (NO2),Mean,ppb,CD,109,Morningside Heights and Hamilton Heights (CD9),Annual Average 2023,01/01/2023,16.39020724,
877151,375,Nitrogen dioxide (NO2),Mean,ppb,CD,209,Parkchester and Soundview (CD9),Annual Average 2023,01/01/2023,16.35206527,
874578,365,Fine particles (PM 2.5),Mean,mcg/m3,UHF34,401,Long Island City - Astoria,Annual Average 2023,01/01/2023,7.254343634,
874318,365,Fine particles (PM 2.5),Mean,mcg/m3,UHF42,208,Canarsie - Flatlands,Annual Average 2023,01/01/2023,6.421526367,
874447,365,Fine particles (PM 2.5),Mean,mcg/m3,UHF42,406,Fresh Meadows,Annual Average 2023,01/01/2023,6.458741628,
874512,365,Fine particles (PM 2.5),Mean,mcg/m3,CD,107,Upper West Side (CD7),Annual Average 2023,01/01/2023,6.8683427,
874872,365,Fine particles (PM 2.5),Mean,mcg/m3,CD,208,Riverdale and Fieldston (CD8),Annual Average 2023,01/01/2023,6.794486921,
874459,365,Fine particles (PM 2.5),Mean,mcg/m3,UHF42,402,West Queens,Annual Average 2023,01/01/2023,7.068291669,
876905,375,Nitrogen dioxide (NO2),Mean,ppb,UHF42,209,Bensonhurst - Bay Ridge,Annual Average 2023,01/01/2023,16.38828037,
874569,365,Fine particles (PM 2.5),Mean,mcg/m3,UHF34,405,Ridgewood - Forest Hills,Annual Average 2023,01/01/2023,6.726169914,
874351,365,Fine particles (PM 2.5),Mean,mcg/m3,UHF42,104,Pelham - Throgs Neck,Annual Average 2023,01/01/2023,6.882374275,
874357,365,Fine particles (PM 2.5),Mean,mcg/m3,UHF42,102,Northeast Bronx,Annual Average 2023,01/01/2023,6.809305105,
874477,365,Fine particles (PM 2.5),Mean,mcg/m3,UHF42,306,Chelsea - Clinton,Annual Average 2023,01/01/2023,8.076770315,
874330,365,Fine particles (PM 2.5),Mean,mcg/m3,UHF42,204,East New York,Annual Average 2023,01/01/2023,6.78513582,
874506,365,Fine particles (PM 2.5),Mean,mcg/m3,CD,109,Morningside Heights and Hamilton Heights (CD9),Annual Average 2023,01/01/2023,6.937311432,
874560,365,Fine particles (PM 2.5),Mean,mcg/m3,UHF34,409,Southeast Queens,Annual Average 2023,01/01/2023,6.386780926,
874483,365,Fine particles (PM 2.5),Mean,mcg/m3,UHF42,304,Upper West Side,Annual Average 2023,01/01/2023,6.873849365,
877199,375,Nitrogen dioxide (NO2),Mean,ppb,CD,313,Coney Island (CD13),Annual Average 2023,01/01/2023,13.49860962,
876881,375,Nitrogen dioxide (NO2),Mean,ppb,UHF42,201,Greenpoint,Annual Average 2023,01/01/2023,19.31599125,
874572,365,Fine particles (PM 2.5),Mean,mcg/m3,UHF34,403,Flushing - Clearview,Annual Average 2023,01/01/2023,6.679289698,
877235,375,Nitrogen dioxide (NO2),Mean,ppb,CD,407,Flushing and Whitestone (CD7),Annual Average 2023,01/01/2023,15.40700654,
877250,375,Nitrogen dioxide (NO2),Mean,ppb,CD,412,Jamaica and Hollis (CD12),Annual Average 2023,01/01/2023,15.38690275,
877106,375,Nitrogen dioxide (NO2),Mean,ppb,CD,106,Stuyvesant Town and Turtle Bay (CD6),Annual Average 2023,01/01/2023,21.89410171,
874471,365,Fine particles (PM 2.5),Mean,mcg/m3,UHF42,308,Greenwich Village - SoHo,Annual Average 2023,01/01/2023,7.89977574,
877088,375,Nitrogen dioxide (NO2),Mean,ppb,Citywide,1,New York City,Annual Average 2023,01/01/2023,15.51087278,
874551,365,Fine particles (PM 2.5),Mean,mcg/m3,UHF34,306308,Chelsea-Village,Annual Average 2023,01/01/2023,8.017380994,
874554,365,Fine particles (PM 2.5),Mean,mcg/m3,UHF34,305307,Upper East Side-Gramercy,Annual Average 2023,01/01/2023,7.345427717,
877193,375,Nitrogen dioxide (NO2),Mean,ppb,CD,311,Bensonhurst (CD11),Annual Average 2023,01/01/2023,15.53192342,
874432,365,Fine particles (PM 2.5),Mean,mcg/m3,UHF42,501,Port Richmond,Annual Average 2023,01/01/2023,6.483942539,
876995,375,Nitrogen dioxide (NO2),Mean,ppb,UHF34,104,Pelham - Throgs Neck,Annual Average 2023,01/01/2023,15.56944138,
874917,365,Fine particles (PM 2.5),Mean,mcg/m3,CD,311,Bensonhurst (CD11),Annual Average 2023,01/01/2023,6.442117397,
874902,365,Fine particles (PM 2.5),Mean,mcg/m3,CD,306,Park Slope and Carroll Gardens (CD6),Annual Average 2023,01/01/2023,7.163769986,
874423,365,Fine particles (PM 2.5),Mean,mcg/m3,UHF42,504,South Beach - Tottenville,Annual Average 2023,01/01/2023,6.119536019,
877247,375,Nitrogen dioxide (NO2),Mean,ppb,CD,411,Bayside and Little Neck (CD11),Annual Average 2023,01/01/2023,14.91951698,
874827,365,Fine particles (PM 2.5),Mean,mcg/m3,CD,403,Jackson Heights (CD3),Annual Average 2023,01/01/2023,6.794220399,
874393,365,Fine particles (PM 2.5),Mean,mcg/m3,UHF34,206,Borough Park,Annual Average 2023,01/01/2023,6.58301364,
877166,375,Nitrogen dioxide (NO2),Mean,ppb,CD,302,Fort Greene and Brooklyn Heights (CD2),Annual Average 2023,01/01/2023,18.53025849,
876944,375,Nitrogen dioxide (NO2),Mean,ppb,UHF42,401,Long Island City - Astoria,Annual Average 2023,01/01/2023,18.41015665,
877217,375,Nitrogen dioxide (NO2),Mean,ppb,CD,401,Long Island City and Astoria (CD1),Annual Average 2023,01/01/2023,17.04080865,
877160,375,Nitrogen dioxide (NO2),Mean,ppb,CD,212,Williamsbridge and Baychester (CD12),Annual Average 2023,01/01/2023,14.37432322,
877223,375,Nitrogen dioxide (NO2),Mean,ppb,CD,403,Jackson Heights (CD3),Annual Average 2023,01/01/2023,16.80409571,
877145,375,Nitrogen dioxide (NO2),Mean,ppb,CD,207,Kingsbridge Heights and Bedford (CD7),Annual Average 2023,01/01/2023,15.5921064,
876989,375,Nitrogen dioxide (NO2),Mean,ppb,UHF34,102,Northeast Bronx,Annual Average 2023,01/01/2023,14.48041782,
874575,365,Fine particles (PM 2.5),Mean,mcg/m3,UHF34,402,West Queens,Annual Average 2023,01/01/2023,7.068291669,
874542,365,Fine particles (PM 2.5),Mean,mcg/m3,UHF34,501502,Northern SI,Annual Average 2023,01/01/2023,6.367702783,
877028,375,Nitrogen dioxide (NO2),Mean,ppb,UHF34,211,Williamsburg - Bushwick,Annual Average 2023,01/01/2023,18.15983736,
877202,375,Nitrogen dioxide (NO2),Mean,ppb,CD,314,Flatbush and Midwood (CD14),Annual Average 2023,01/01/2023,15.90500226,
874492,365,Fine particles (PM 2.5),Mean,mcg/m3,UHF42,301,Washington Heights,Annual Average 2023,01/01/2023,6.983812181,
877229,375,Nitrogen dioxide (NO2),Mean,ppb,CD,405,Ridgewood and Maspeth (CD5),Annual Average 2023,01/01/2023,17.62143341,
874468,365,Fine particles (PM 2.5),Mean,mcg/m3,UHF42,309,Union Square - Lower East Side,Annual Average 2023,01/01/2023,7.488763093,
874806,365,Fine particles (PM 2.5),Mean,mcg/m3,CD,314,Flatbush and Midwood (CD14),Annual Average 2023,01/01/2023,6.529592865,
874905,365,Fine particles (PM 2.5),Mean,mcg/m3,CD,307,Sunset Park (CD7),Annual Average 2023,01/01/2023,7.079861905,
877178,375,Nitrogen dioxide (NO2),Mean,ppb,CD,306,Park Slope and Carroll Gardens (CD6),Annual Average 2023,01/01/2023,17.99007651,
876992,375,Nitrogen dioxide (NO2),Mean,ppb,UHF34,103,Fordham - Bronx Pk,Annual Average 2023,01/01/2023,15.00464812,
877094,375,Nitrogen dioxide (NO2),Mean,ppb,CD,102,Greenwich Village and Soho (CD2),Annual Average 2023,01/01/2023,21.91195919,
874533,365,Fine particles (PM 2.5),Mean,mcg/m3,Citywide,1,New York City,Annual Average 2023,01/01/2023,6.659279692,
874803,365,Fine particles (PM 2.5),Mean,mcg/m3,CD,313,Coney Island (CD13),Annual Average 2023,01/01/2023,6.356452703,
874869,365,Fine particles (PM 2.5),Mean,mcg/m3,CD,503,Tottenville and Great Kills (CD3),Annual Average 2023,01/01/2023,6.110493448,
877079,375,Nitrogen dioxide (NO2),Mean,ppb,UHF34,501502,Northern SI,Annual Average 2023,01/01/2023,16.02866665,
877181,375,Nitrogen dioxide (NO2),Mean,ppb,CD,307,Sunset Park (CD7),Annual Average 2023,01/01/2023,18.84985664,
876890,375,Nitrogen dioxide (NO2),Mean,ppb,UHF42,204,East New York,Annual Average 2023,01/01/2023,17.34115089,
874584,365,Fine particles (PM 2.5),Mean,mcg/m3,UHF34,303,East Harlem,Annual Average 2023,01/01/2023,6.902077131,
874524,365,Fine particles (PM 2.5),Mean,mcg/m3,CD,103,Lower East Side and Chinatown (CD3),Annual Average 2023,01/01/2023,7.353321242,
876998,375,Nitrogen dioxide (NO2),Mean,ppb,UHF34,201,Greenpoint,Annual Average 2023,01/01/2023,19.31599125,
877052,375,Nitrogen dioxide (NO2),Mean,ppb,UHF34,405,Ridgewood - Forest Hills,Annual Average 2023,01/01/2023,16.73212203,
877118,375,Nitrogen dioxide (NO2),Mean,ppb,CD,110,Central Harlem (CD10),Annual Average 2023,01/01/2023,16.18047786,
877154,375,Nitrogen dioxide (NO2),Mean,ppb,CD,210,Throgs Neck and Co-op City (CD10),Annual Average 2023,01/01/2023,15.05815095,
876929,375,Nitrogen dioxide (NO2),Mean,ppb,UHF42,306,Chelsea - Clinton,Annual Average 2023,01/01/2023,24.13254441,
874363,365,Fine particles (PM 2.5),Mean,mcg/m3,Borough,5,Staten Island,Annual Average 2023,01/01/2023,6.236877639,
877244,375,Nitrogen dioxide (NO2),Mean,ppb,CD,410,South Ozone Park and Howard Beach (CD10),Annual Average 2023,01/01/2023,14.79736424,
876854,375,Nitrogen dioxide (NO2),Mean,ppb,Borough,4,Queens,Annual Average 2023,01/01/2023,15.47035273,
876845,375,Nitrogen dioxide (NO2),Mean,ppb,Borough,1,Bronx,Annual Average 2023,01/01/2023,15.75835985,
874375,365,Fine particles (PM 2.5),Mean,mcg/m3,Borough,1,Bronx,Annual Average 2023,01/01/2023,6.904676852,
874321,365,Fine particles (PM 2.5),Mean,mcg/m3,UHF42,207,East Flatbush - Flatbush,Annual Average 2023,01/01/2023,6.575114657,
874494,365,Fine particles (PM 2.5),Mean,mcg/m3,CD,201,Mott Haven and Melrose (CD1),Annual Average 2023,01/01/2023,7.093354653,
877067,375,Nitrogen dioxide (NO2),Mean,ppb,UHF34,305307,Upper East Side-Gramercy,Annual Average 2023,01/01/2023,21.14525892,
876911,375,Nitrogen dioxide (NO2),Mean,ppb,UHF42,211,Williamsburg - Bushwick,Annual Average 2023,01/01/2023,18.15983736,
877070,375,Nitrogen dioxide (NO2),Mean,ppb,UHF34,306308,Chelsea-Village,Annual Average 2023,01/01/2023,23.44066631,
877058,375,Nitrogen dioxide (NO2),Mean,ppb,UHF34,408,Jamaica,Annual Average 2023,01/01/2023,15.43233772,
876968,375,Nitrogen dioxide (NO2),Mean,ppb,UHF42,409,Southeast Queens,Annual Average 2023,01/01/2023,14.68926316,
877091,375,Nitrogen dioxide (NO2),Mean,ppb,CD,101,Financial District (CD1),Annual Average 2023,01/01/2023,21.92361049,
876959,375,Nitrogen dioxide (NO2),Mean,ppb,UHF42,406,Fresh Meadows,Annual Average 2023,01/01/2023,15.19976227,
877175,375,Nitrogen dioxide (NO2),Mean,ppb,CD,305,East New York and Starrett City (CD5),Annual Average 2023,01/01/2023,17.08099816,
874384,365,Fine particles (PM 2.5),Mean,mcg/m3,UHF34,209,Bensonhurst - Bay Ridge,Annual Average 2023,01/01/2023,6.474937547,
874312,365,Fine particles (PM 2.5),Mean,mcg/m3,UHF42,210,Coney Island - Sheepshead Bay,Annual Average 2023,01/01/2023,6.353517613,
874324,365,Fine particles (PM 2.5),Mean,mcg/m3,UHF42,206,Borough Park,Annual Average 2023,01/01/2023,6.58301364,
877121,375,Nitrogen dioxide (NO2),Mean,ppb,CD,111,East Harlem (CD11),Annual Average 2023,01/01/2023,16.36122551,
874497,365,Fine particles (PM 2.5),Mean,mcg/m3,CD,112,Washington Heights and Inwood (CD12),Annual Average 2023,01/01/2023,6.984992753,
874348,365,Fine particles (PM 2.5),Mean,mcg/m3,UHF42,105,Crotona -Tremont,Annual Average 2023,01/01/2023,6.999578038,
874462,365,Fine particles (PM 2.5),Mean,mcg/m3,UHF42,401,Long Island City - Astoria,Annual Average 2023,01/01/2023,7.254343634,
874390,365,Fine particles (PM 2.5),Mean,mcg/m3,UHF34,207,East Flatbush - Flatbush,Annual Average 2023,01/01/2023,6.575114657,
874863,365,Fine particles (PM 2.5),Mean,mcg/m3,CD,501,St. George and Stapleton (CD1),Annual Average 2023,01/01/2023,6.412124833,
874539,365,Fine particles (PM 2.5),Mean,mcg/m3,UHF34,503504,Southern SI,Annual Average 2023,01/01/2023,6.181403822,
877262,375,Nitrogen dioxide (NO2),Mean,ppb,CD,502,South Beach and Willowbrook (CD2),Annual Average 2023,01/01/2023,12.66148518,
874420,365,Fine particles (PM 2.5),Mean,mcg/m3,UHF34,101,Kingsbridge - Riverdale,Annual Average 2023,01/01/2023,6.800834953,
876917,375,Nitrogen dioxide (NO2),Mean,ppb,UHF42,302,Central Harlem - Morningside Heights,Annual Average 2023,01/01/2023,16.29410694,
874914,365,Fine particles (PM 2.5),Mean,mcg/m3,CD,310,Bay Ridge and Dyker Heights (CD10),Annual Average 2023,01/01/2023,6.603554291,
874592,365,Fine particles (PM 2.5),Mean,mcg/m3,CD,202,Hunts Point and Longwood (CD2),Annual Average 2023,01/01/2023,7.398307426,
874518,365,Fine particles (PM 2.5),Mean,mcg/m3,CD,105,Midtown (CD5),Annual Average 2023,01/01/2023,8.371853034,
877256,375,Nitrogen dioxide (NO2),Mean,ppb,CD,414,Rockaway and Broad Channel (CD14),Annual Average 2023,01/01/2023,9.361544124,
876938,375,Nitrogen dioxide (NO2),Mean,ppb,UHF42,309,Union Square - Lower East Side,Annual Average 2023,01/01/2023,18.96783053,
874854,365,Fine particles (PM 2.5),Mean,mcg/m3,CD,412,Jamaica and Hollis (CD12),Annual Average 2023,01/01/2023,6.566531621,
874417,365,Fine particles (PM 2.5),Mean,mcg/m3,UHF34,102,Northeast Bronx,Annual Average 2023,01/01/2023,6.809300497,
877196,375,Nitrogen dioxide (NO2),Mean,ppb,CD,312,Borough Park (CD12),Annual Average 2023,01/01/2023,16.53085171,
876941,375,Nitrogen dioxide (NO2),Mean,ppb,UHF42,310,Lower Manhattan,Annual Average 2023,01/01/2023,21.60881394,
874833,365,Fine particles (PM 2.5),Mean,mcg/m3,CD,405,Ridgewood and Maspeth (CD5),Annual Average 2023,01/01/2023,6.938860906,
877172,375,Nitrogen dioxide (NO2),Mean,ppb,CD,304,Bushwick (CD4),Annual Average 2023,01/01/2023,17.85138313,
874875,365,Fine particles (PM 2.5),Mean,mcg/m3,CD,209,Parkchester and Soundview (CD9),Annual Average 2023,01/01/2023,6.95247031,
874456,365,Fine particles (PM 2.5),Mean,mcg/m3,UHF42,403,Flushing - Clearview,Annual Average 2023,01/01/2023,6.679315199,
874815,365,Fine particles (PM 2.5),Mean,mcg/m3,CD,317,East Flatbush (CD17),Annual Average 2023,01/01/2023,6.636863737,
876860,375,Nitrogen dioxide (NO2),Mean,ppb,UHF42,101,Kingsbridge - Riverdale,Annual Average 2023,01/01/2023,14.61424758,
874881,365,Fine particles (PM 2.5),Mean,mcg/m3,CD,211,Morris Park and Bronxdale (CD11),Annual Average 2023,01/01/2023,6.859797047,
876965,375,Nitrogen dioxide (NO2),Mean,ppb,UHF42,408,Jamaica,Annual Average 2023,01/01/2023,15.43229844,
876863,375,Nitrogen dioxide (NO2),Mean,ppb,UHF42,102,Northeast Bronx,Annual Average 2023,01/01/2023,14.48039862,
877031,375,Nitrogen dioxide (NO2),Mean,ppb,UHF34,301,Washington Heights,Annual Average 2023,01/01/2023,17.05354389,
874480,365,Fine particles (PM 2.5),Mean,mcg/m3,UHF42,305,Upper East Side,Annual Average 2023,01/01/2023,6.983049971,
874450,365,Fine particles (PM 2.5),Mean,mcg/m3,UHF42,405,Ridgewood - Forest Hills,Annual Average 2023,01/01/2023,6.726169914,
877103,375,Nitrogen dioxide (NO2),Mean,ppb,CD,105,Midtown (CD5),Annual Average 2023,01/01/2023,26.10917545,
874545,365,Fine particles (PM 2.5),Mean,mcg/m3,UHF34,404406,Bayside Little Neck-Fresh Meadows,Annual Average 2023,01/01/2023,6.474389448,
874465,365,Fine particles (PM 2.5),Mean,mcg/m3,UHF42,310,Lower Manhattan,Annual Average 2023,01/01/2023,7.335354624,
874414,365,Fine particles (PM 2.5),Mean,mcg/m3,UHF34,103,Fordham - Bronx Pk,Annual Average 2023,01/01/2023,6.836602443,
877259,375,Nitrogen dioxide (NO2),Mean,ppb,CD,501,St. George and Stapleton (CD1),Annual Average 2023,01/01/2023,16.60612272,
874908,365,Fine particles (PM 2.5),Mean,mcg/m3,CD,308,Crown Heights and Prospect Heights (CD8),Annual Average 2023,01/01/2023,6.920418972,
877139,375,Nitrogen dioxide (NO2),Mean,ppb,CD,205,Fordham and University Heights (CD5),Annual Average 2023,01/01/2023,17.2275126,
877037,375,Nitrogen dioxide (NO2),Mean,ppb,UHF34,303,East Harlem,Annual Average 2023,01/01/2023,16.33588174,
877004,375,Nitrogen dioxide (NO2),Mean,ppb,UHF34,203,Bedford Stuyvesant - Crown Heights,Annual Average 2023,01/01/2023,16.98747135,
874474,365,Fine particles (PM 2.5),Mean,mcg/m3,UHF42,307,Gramercy Park - Murray Hill,Annual Average 2023,01/01/2023,7.7551795,
874319,365,Fine particles (PM 2.5),Mean,mcg/m3,UHF42,207,East Flatbush - Flatbush,Winter 2022-23,12/01/2022,6.12954308,
876913,375,Nitrogen dioxide (NO2),Mean,ppb,UHF42,211,Williamsburg - Bushwick,Winter 2022-23,12/01/2022,23.81074216,
876886,375,Nitrogen dioxide (NO2),Mean,ppb,UHF42,202,Downtown - Heights - Slope,Winter 2022-23,12/01/2022,23.55155679,
874412,365,Fine particles (PM 2.5),Mean,mcg/m3,UHF34,103,Fordham - Bronx Pk,Winter 2022-23,12/01/2022,6.623421932,
876973,375,Nitrogen dioxide (NO2),Mean,ppb,UHF42,410,Rockaways,Winter 2022-23,12/01/2022,11.90192295,
874603,365,Fine particles (PM 2.5),Mean,mcg/m3,CD,205,Fordham and University Heights (CD5),Winter 2022-23,12/01/2022,6.595338571,
876895,375,Nitrogen dioxide (NO2),Mean,ppb,UHF42,205,Sunset Park,Winter 2022-23,12/01/2022,24.34243033,
876976,375,Nitrogen dioxide (NO2),Mean,ppb,UHF42,501,Port Richmond,Winter 2022-23,12/01/2022,20.23958141,
874886,365,Fine particles (PM 2.5),Mean,mcg/m3,CD,212,Williamsbridge and Baychester (CD12),Winter 2022-23,12/01/2022,6.562698425,
874364,365,Fine particles (PM 2.5),Mean,mcg/m3,Borough,4,Queens,Winter 2022-23,12/01/2022,6.054823924,
874871,365,Fine particles (PM 2.5),Mean,mcg/m3,CD,503,Tottenville and Great Kills (CD3),Winter 2022-23,12/01/2022,5.317825216,
877096,375,Nitrogen dioxide (NO2),Mean,ppb,CD,102,Greenwich Village and Soho (CD2),Winter 2022-23,12/01/2022,24.08885835,
874445,365,Fine particles (PM 2.5),Mean,mcg/m3,UHF42,406,Fresh Meadows,Winter 2022-23,12/01/2022,5.874276315,
874325,365,Fine particles (PM 2.5),Mean,mcg/m3,UHF42,205,Sunset Park,Winter 2022-23,12/01/2022,6.619823381,
876865,375,Nitrogen dioxide (NO2),Mean,ppb,UHF42,102,Northeast Bronx,Winter 2022-23,12/01/2022,17.57629674,
876877,375,Nitrogen dioxide (NO2),Mean,ppb,UHF42,106,High Bridge - Morrisania,Winter 2022-23,12/01/2022,21.5282083,
876988,375,Nitrogen dioxide (NO2),Mean,ppb,UHF34,101,Kingsbridge - Riverdale,Winter 2022-23,12/01/2022,17.89722521,
877081,375,Nitrogen dioxide (NO2),Mean,ppb,UHF34,501502,Northern SI,Winter 2022-23,12/01/2022,19.77732414,
876889,375,Nitrogen dioxide (NO2),Mean,ppb,UHF42,203,Bedford Stuyvesant - Crown Heights,Winter 2022-23,12/01/2022,23.31389388,
874853,365,Fine particles (PM 2.5),Mean,mcg/m3,CD,411,Bayside and Little Neck (CD11),Winter 2022-23,12/01/2022,5.872252834,
874367,365,Fine particles (PM 2.5),Mean,mcg/m3,Borough,3,Manhattan,Winter 2022-23,12/01/2022,7.197011273,
874889,365,Fine particles (PM 2.5),Mean,mcg/m3,CD,301,Greenpoint and Williamsburg (CD1),Winter 2022-23,12/01/2022,7.030832139,
874424,365,Fine particles (PM 2.5),Mean,mcg/m3,UHF42,503,Willowbrook,Winter 2022-23,12/01/2022,5.592895831,
877126,375,Nitrogen dioxide (NO2),Mean,ppb,CD,112,Washington Heights and Inwood (CD12),Winter 2022-23,12/01/2022,21.17686715,
876904,375,Nitrogen dioxide (NO2),Mean,ppb,UHF42,208,Canarsie - Flatlands,Winter 2022-23,12/01/2022,19.46437805,
874525,365,Fine particles (PM 2.5),Mean,mcg/m3,CD,102,Greenwich Village and Soho (CD2),Winter 2022-23,12/01/2022,8.420231916,
874582,365,Fine particles (PM 2.5),Mean,mcg/m3,UHF34,303,East Harlem,Winter 2022-23,12/01/2022,6.519113142,
874469,365,Fine particles (PM 2.5),Mean,mcg/m3,UHF42,308,Greenwich Village - SoHo,Winter 2022-23,12/01/2022,8.105953974,
874510,365,Fine particles (PM 2.5),Mean,mcg/m3,CD,107,Upper West Side (CD7),Winter 2022-23,12/01/2022,6.424081772,
876949,375,Nitrogen dioxide (NO2),Mean,ppb,UHF42,402,West Queens,Winter 2022-23,12/01/2022,22.48203662,
876979,375,Nitrogen dioxide (NO2),Mean,ppb,UHF42,502,Stapleton - St. George,Winter 2022-23,12/01/2022,19.53058121,
876931,375,Nitrogen dioxide (NO2),Mean,ppb,UHF42,306,Chelsea - Clinton,Winter 2022-23,12/01/2022,25.83280383,
874850,365,Fine particles (PM 2.5),Mean,mcg/m3,CD,410,South Ozone Park and Howard Beach (CD10),Winter 2022-23,12/01/2022,5.799884039,
874829,365,Fine particles (PM 2.5),Mean,mcg/m3,CD,403,Jackson Heights (CD3),Winter 2022-23,12/01/2022,6.448196004,
877039,375,Nitrogen dioxide (NO2),Mean,ppb,UHF34,303,East Harlem,Winter 2022-23,12/01/2022,20.16780596,
874522,365,Fine particles (PM 2.5),Mean,mcg/m3,CD,103,Lower East Side and Chinatown (CD3),Winter 2022-23,12/01/2022,7.36189413,
877054,375,Nitrogen dioxide (NO2),Mean,ppb,UHF34,405,Ridgewood - Forest Hills,Winter 2022-23,12/01/2022,21.96049467,
874564,365,Fine particles (PM 2.5),Mean,mcg/m3,UHF34,407,Southwest Queens,Winter 2022-23,12/01/2022,5.955462164,
874588,365,Fine particles (PM 2.5),Mean,mcg/m3,UHF34,301,Washington Heights,Winter 2022-23,12/01/2022,6.701262995,
877156,375,Nitrogen dioxide (NO2),Mean,ppb,CD,210,Throgs Neck and Co-op City (CD10),Winter 2022-23,12/01/2022,18.77972767,
876910,375,Nitrogen dioxide (NO2),Mean,ppb,UHF42,210,Coney Island - Sheepshead Bay,Winter 2022-23,12/01/2022,18.29529819,
874805,365,Fine particles (PM 2.5),Mean,mcg/m3,CD,313,Coney Island (CD13),Winter 2022-23,12/01/2022,5.764514434,
877057,375,Nitrogen dioxide (NO2),Mean,ppb,UHF34,407,Southwest Queens,Winter 2022-23,12/01/2022,20.6505009,
874600,365,Fine particles (PM 2.5),Mean,mcg/m3,CD,204,Highbridge and Concourse (CD4),Winter 2022-23,12/01/2022,6.506105618,
877252,375,Nitrogen dioxide (NO2),Mean,ppb,CD,412,Jamaica and Hollis (CD12),Winter 2022-23,12/01/2022,19.65709701,
874555,365,Fine particles (PM 2.5),Mean,mcg/m3,UHF34,410,Rockaways,Winter 2022-23,12/01/2022,5.26452039,
874463,365,Fine particles (PM 2.5),Mean,mcg/m3,UHF42,310,Lower Manhattan,Winter 2022-23,12/01/2022,7.293051822,
877249,375,Nitrogen dioxide (NO2),Mean,ppb,CD,411,Bayside and Little Neck (CD11),Winter 2022-23,12/01/2022,17.56051841,
876901,375,Nitrogen dioxide (NO2),Mean,ppb,UHF42,207,East Flatbush - Flatbush,Winter 2022-23,12/01/2022,22.36837297,
877246,375,Nitrogen dioxide (NO2),Mean,ppb,CD,410,South Ozone Park and Howard Beach (CD10),Winter 2022-23,12/01/2022,20.12028627,
874591,365,Fine particles (PM 2.5),Mean,mcg/m3,CD,201,Mott Haven and Melrose (CD1),Winter 2022-23,12/01/2022,6.626513845,
874400,365,Fine particles (PM 2.5),Mean,mcg/m3,UHF34,203,Bedford Stuyvesant - Crown Heights,Winter 2022-23,12/01/2022,6.433502307,
876916,375,Nitrogen dioxide (NO2),Mean,ppb,UHF42,301,Washington Heights,Winter 2022-23,12/01/2022,20.95317432,
876898,375,Nitrogen dioxide (NO2),Mean,ppb,UHF42,206,Borough Park,Winter 2022-23,12/01/2022,22.318317,
874567,365,Fine particles (PM 2.5),Mean,mcg/m3,UHF34,405,Ridgewood - Forest Hills,Winter 2022-23,12/01/2022,6.26223548,
874913,365,Fine particles (PM 2.5),Mean,mcg/m3,CD,309,South Crown Heights and Lefferts Gardens (CD9),Winter 2022-23,12/01/2022,6.215109393,
877180,375,Nitrogen dioxide (NO2),Mean,ppb,CD,306,Park Slope and Carroll Gardens (CD6),Winter 2022-23,12/01/2022,23.39786453,
877036,375,Nitrogen dioxide (NO2),Mean,ppb,UHF34,302,Central Harlem - Morningside Heights,Winter 2022-23,12/01/2022,20.0111503,
874361,365,Fine particles (PM 2.5),Mean,mcg/m3,Borough,5,Staten Island,Winter 2022-23,12/01/2022,5.524703991,
874337,365,Fine particles (PM 2.5),Mean,mcg/m3,UHF42,201,Greenpoint,Winter 2022-23,12/01/2022,6.968784799,
874537,365,Fine particles (PM 2.5),Mean,mcg/m3,UHF34,503504,Southern SI,Winter 2022-23,12/01/2022,5.433213492,
874313,365,Fine particles (PM 2.5),Mean,mcg/m3,UHF42,209,Bensonhurst - Bay Ridge,Winter 2022-23,12/01/2022,5.95217197,
874838,365,Fine particles (PM 2.5),Mean,mcg/m3,CD,406,Rego Park and Forest Hills (CD6),Winter 2022-23,12/01/2022,6.099401253,
874507,365,Fine particles (PM 2.5),Mean,mcg/m3,CD,108,Upper East Side (CD8),Winter 2022-23,12/01/2022,6.674952441,
874817,365,Fine particles (PM 2.5),Mean,mcg/m3,CD,317,East Flatbush (CD17),Winter 2022-23,12/01/2022,6.175888576,
874373,365,Fine particles (PM 2.5),Mean,mcg/m3,Borough,1,Bronx,Winter 2022-23,12/01/2022,6.587404142,
874472,365,Fine particles (PM 2.5),Mean,mcg/m3,UHF42,307,Gramercy Park - Murray Hill,Winter 2022-23,12/01/2022,7.942470191,
874498,365,Fine particles (PM 2.5),Mean,mcg/m3,CD,111,East Harlem (CD11),Winter 2022-23,12/01/2022,6.53678612,
877237,375,Nitrogen dioxide (NO2),Mean,ppb,CD,407,Flushing and Whitestone (CD7),Winter 2022-23,12/01/2022,19.06374469,
877078,375,Nitrogen dioxide (NO2),Mean,ppb,UHF34,404406,Bayside Little Neck-Fresh Meadows,Winter 2022-23,12/01/2022,18.15226975,
874606,365,Fine particles (PM 2.5),Mean,mcg/m3,CD,206,Belmont and East Tremont (CD6),Winter 2022-23,12/01/2022,6.763746124,
876952,375,Nitrogen dioxide (NO2),Mean,ppb,UHF42,403,Flushing - Clearview,Winter 2022-23,12/01/2022,18.93267515,
877267,375,Nitrogen dioxide (NO2),Mean,ppb,CD,503,Tottenville and Great Kills (CD3),Winter 2022-23,12/01/2022,15.79876836,
874868,365,Fine particles (PM 2.5),Mean,mcg/m3,CD,502,South Beach and Willowbrook (CD2),Winter 2022-23,12/01/2022,5.562425296,
877006,375,Nitrogen dioxide (NO2),Mean,ppb,UHF34,203,Bedford Stuyvesant - Crown Heights,Winter 2022-23,12/01/2022,23.31389388,
874832,365,Fine particles (PM 2.5),Mean,mcg/m3,CD,404,Elmhurst and Corona (CD4),Winter 2022-23,12/01/2022,6.553164924,
874859,365,Fine particles (PM 2.5),Mean,mcg/m3,CD,413,Queens Village (CD13),Winter 2022-23,12/01/2022,5.661272447,
876892,375,Nitrogen dioxide (NO2),Mean,ppb,UHF42,204,East New York,Winter 2022-23,12/01/2022,22.84562702,
874895,365,Fine particles (PM 2.5),Mean,mcg/m3,CD,303,Bedford Stuyvesant (CD3),Winter 2022-23,12/01/2022,6.596272548,
877069,375,Nitrogen dioxide (NO2),Mean,ppb,UHF34,305307,Upper East Side-Gramercy,Winter 2022-23,12/01/2022,23.94121291,
874484,365,Fine particles (PM 2.5),Mean,mcg/m3,UHF42,303,East Harlem,Winter 2022-23,12/01/2022,6.519113142,
874478,365,Fine particles (PM 2.5),Mean,mcg/m3,UHF42,305,Upper East Side,Winter 2022-23,12/01/2022,6.662258812,
874451,365,Fine particles (PM 2.5),Mean,mcg/m3,UHF42,404,Bayside - Little Neck,Winter 2022-23,12/01/2022,5.86387523,
877060,375,Nitrogen dioxide (NO2),Mean,ppb,UHF34,408,Jamaica,Winter 2022-23,12/01/2022,19.68588095,
874448,365,Fine particles (PM 2.5),Mean,mcg/m3,UHF42,405,Ridgewood - Forest Hills,Winter 2022-23,12/01/2022,6.26223548,
874543,365,Fine particles (PM 2.5),Mean,mcg/m3,UHF34,404406,Bayside Little Neck-Fresh Meadows,Winter 2022-23,12/01/2022,5.869045933,
876856,375,Nitrogen dioxide (NO2),Mean,ppb,Borough,4,Queens,Winter 2022-23,12/01/2022,19.33359424,
874901,365,Fine particles (PM 2.5),Mean,mcg/m3,CD,305,East New York and Starrett City (CD5),Winter 2022-23,12/01/2022,6.222171203,
877033,375,Nitrogen dioxide (NO2),Mean,ppb,UHF34,301,Washington Heights,Winter 2022-23,12/01/2022,20.95314323,
874376,365,Fine particles (PM 2.5),Mean,mcg/m3,UHF34,211,Williamsburg - Bushwick,Winter 2022-23,12/01/2022,6.918133058,
877159,375,Nitrogen dioxide (NO2),Mean,ppb,CD,211,Morris Park and Bronxdale (CD11),Winter 2022-23,12/01/2022,19.18685828,
877234,375,Nitrogen dioxide (NO2),Mean,ppb,CD,406,Rego Park and Forest Hills (CD6),Winter 2022-23,12/01/2022,21.20605901,
874436,365,Fine particles (PM 2.5),Mean,mcg/m3,UHF42,409,Southeast Queens,Winter 2022-23,12/01/2022,5.617699015,
877093,375,Nitrogen dioxide (NO2),Mean,ppb,CD,101,Financial District (CD1),Winter 2022-23,12/01/2022,24.19635591,
877174,375,Nitrogen dioxide (NO2),Mean,ppb,CD,304,Bushwick (CD4),Winter 2022-23,12/01/2022,23.64561241,
874820,365,Fine particles (PM 2.5),Mean,mcg/m3,CD,318,Flatlands and Canarsie (CD18),Winter 2022-23,12/01/2022,5.819217212,
877132,375,Nitrogen dioxide (NO2),Mean,ppb,CD,202,Hunts Point and Longwood (CD2),Winter 2022-23,12/01/2022,22.53750523,
877138,375,Nitrogen dioxide (NO2),Mean,ppb,CD,204,Highbridge and Concourse (CD4),Winter 2022-23,12/01/2022,21.63718571,
874385,365,Fine particles (PM 2.5),Mean,mcg/m3,UHF34,208,Canarsie - Flatlands,Winter 2022-23,12/01/2022,5.843269135,
874379,365,Fine particles (PM 2.5),Mean,mcg/m3,UHF34,210,Coney Island - Sheepshead Bay,Winter 2022-23,12/01/2022,5.784986933,
874519,365,Fine particles (PM 2.5),Mean,mcg/m3,CD,104,Clinton and Chelsea (CD4),Winter 2022-23,12/01/2022,7.906916789,
874561,365,Fine particles (PM 2.5),Mean,mcg/m3,UHF34,408,Jamaica,Winter 2022-23,12/01/2022,5.936853761,
877123,375,Nitrogen dioxide (NO2),Mean,ppb,CD,111,East Harlem (CD11),Winter 2022-23,12/01/2022,20.19215848,
876961,375,Nitrogen dioxide (NO2),Mean,ppb,UHF42,406,Fresh Meadows,Winter 2022-23,12/01/2022,19.22358491,
874916,365,Fine particles (PM 2.5),Mean,mcg/m3,CD,310,Bay Ridge and Dyker Heights (CD10),Winter 2022-23,12/01/2022,6.104524194,
874528,365,Fine particles (PM 2.5),Mean,mcg/m3,CD,101,Financial District (CD1),Winter 2022-23,12/01/2022,7.384581284,
874397,365,Fine particles (PM 2.5),Mean,mcg/m3,UHF34,204,East New York,Winter 2022-23,12/01/2022,6.284280262,
877219,375,Nitrogen dioxide (NO2),Mean,ppb,CD,401,Long Island City and Astoria (CD1),Winter 2022-23,12/01/2022,21.10840179,
877186,375,Nitrogen dioxide (NO2),Mean,ppb,CD,308,Crown Heights and Prospect Heights (CD8),Winter 2022-23,12/01/2022,23.47973002,
876850,375,Nitrogen dioxide (NO2),Mean,ppb,Borough,2,Brooklyn,Winter 2022-23,12/01/2022,21.93219192,
874501,365,Fine particles (PM 2.5),Mean,mcg/m3,CD,110,Central Harlem (CD10),Winter 2022-23,12/01/2022,6.613041719,
874310,365,Fine particles (PM 2.5),Mean,mcg/m3,UHF42,210,Coney Island - Sheepshead Bay,Winter 2022-23,12/01/2022,5.784986933,
874811,365,Fine particles (PM 2.5),Mean,mcg/m3,CD,315,Sheepshead Bay (CD15),Winter 2022-23,12/01/2022,5.783695731,
877264,375,Nitrogen dioxide (NO2),Mean,ppb,CD,502,South Beach and Willowbrook (CD2),Winter 2022-23,12/01/2022,16.95162023,
877009,375,Nitrogen dioxide (NO2),Mean,ppb,UHF34,204,East New York,Winter 2022-23,12/01/2022,22.84562702,
874322,365,Fine particles (PM 2.5),Mean,mcg/m3,UHF42,206,Borough Park,Winter 2022-23,12/01/2022,6.105061444,
877240,375,Nitrogen dioxide (NO2),Mean,ppb,CD,408,Hillcrest and Fresh Meadows (CD8),Winter 2022-23,12/01/2022,19.19508125,
877084,375,Nitrogen dioxide (NO2),Mean,ppb,UHF34,503504,Southern SI,Winter 2022-23,12/01/2022,16.28567959,
877072,375,Nitrogen dioxide (NO2),Mean,ppb,UHF34,306308,Chelsea-Village,Winter 2022-23,12/01/2022,25.2817114,
874466,365,Fine particles (PM 2.5),Mean,mcg/m3,UHF42,309,Union Square - Lower East Side,Winter 2022-23,12/01/2022,7.590957422,
874439,365,Fine particles (PM 2.5),Mean,mcg/m3,UHF42,408,Jamaica,Winter 2022-23,12/01/2022,5.936789674,
877135,375,Nitrogen dioxide (NO2),Mean,ppb,CD,203,Morrisania and Crotona (CD3),Winter 2022-23,12/01/2022,21.807499,
874495,365,Fine particles (PM 2.5),Mean,mcg/m3,CD,112,Washington Heights and Inwood (CD12),Winter 2022-23,12/01/2022,6.706365699,
874442,365,Fine particles (PM 2.5),Mean,mcg/m3,UHF42,407,Southwest Queens,Winter 2022-23,12/01/2022,5.955262927,
876847,375,Nitrogen dioxide (NO2),Mean,ppb,Borough,1,Bronx,Winter 2022-23,12/01/2022,19.74253268,
874847,365,Fine particles (PM 2.5),Mean,mcg/m3,CD,409,Kew Gardens and Woodhaven (CD9),Winter 2022-23,12/01/2022,6.198527919,
876964,375,Nitrogen dioxide (NO2),Mean,ppb,UHF42,407,Southwest Queens,Winter 2022-23,12/01/2022,20.64938172,
874865,365,Fine particles (PM 2.5),Mean,mcg/m3,CD,501,St. George and Stapleton (CD1),Winter 2022-23,12/01/2022,5.795422031,
877021,375,Nitrogen dioxide (NO2),Mean,ppb,UHF34,208,Canarsie - Flatlands,Winter 2022-23,12/01/2022,19.46437805,
877177,375,Nitrogen dioxide (NO2),Mean,ppb,CD,305,East New York and Starrett City (CD5),Winter 2022-23,12/01/2022,22.50847324,
874534,365,Fine particles (PM 2.5),Mean,mcg/m3,UHF34,105106107,South Bronx,Winter 2022-23,12/01/2022,6.673858161,
877114,375,Nitrogen dioxide (NO2),Mean,ppb,CD,108,Upper East Side (CD8),Winter 2022-23,12/01/2022,22.37547517,
874409,365,Fine particles (PM 2.5),Mean,mcg/m3,UHF34,104,Pelham - Throgs Neck,Winter 2022-23,12/01/2022,6.522234553,
874382,365,Fine particles (PM 2.5),Mean,mcg/m3,UHF34,209,Bensonhurst - Bay Ridge,Winter 2022-23,12/01/2022,5.95217197,
874841,365,Fine particles (PM 2.5),Mean,mcg/m3,CD,407,Flushing and Whitestone (CD7),Winter 2022-23,12/01/2022,6.253089341,
877192,375,Nitrogen dioxide (NO2),Mean,ppb,CD,310,Bay Ridge and Dyker Heights (CD10),Winter 2022-23,12/01/2022,22.78172025,
877222,375,Nitrogen dioxide (NO2),Mean,ppb,CD,402,Woodside and Sunnyside (CD2),Winter 2022-23,12/01/2022,23.73637905,
877228,375,Nitrogen dioxide (NO2),Mean,ppb,CD,404,Elmhurst and Corona (CD4),Winter 2022-23,12/01/2022,21.86210978,
876907,375,Nitrogen dioxide (NO2),Mean,ppb,UHF42,209,Bensonhurst - Bay Ridge,Winter 2022-23,12/01/2022,21.59935664,
874346,365,Fine particles (PM 2.5),Mean,mcg/m3,UHF42,105,Crotona -Tremont,Winter 2022-23,12/01/2022,6.698642289,
874844,365,Fine particles (PM 2.5),Mean,mcg/m3,CD,408,Hillcrest and Fresh Meadows (CD8),Winter 2022-23,12/01/2022,5.871352073,
876871,375,Nitrogen dioxide (NO2),Mean,ppb,UHF42,104,Pelham - Throgs Neck,Winter 2022-23,12/01/2022,19.78791893,
876925,375,Nitrogen dioxide (NO2),Mean,ppb,UHF42,304,Upper West Side,Winter 2022-23,12/01/2022,21.43520833,
877147,375,Nitrogen dioxide (NO2),Mean,ppb,CD,207,Kingsbridge Heights and Bedford (CD7),Winter 2022-23,12/01/2022,19.69216037,
877213,375,Nitrogen dioxide (NO2),Mean,ppb,CD,317,East Flatbush (CD17),Winter 2022-23,12/01/2022,22.71316173,
876937,375,Nitrogen dioxide (NO2),Mean,ppb,UHF42,308,Greenwich Village - SoHo,Winter 2022-23,12/01/2022,24.18653719,
874856,365,Fine particles (PM 2.5),Mean,mcg/m3,CD,412,Jamaica and Hollis (CD12),Winter 2022-23,12/01/2022,5.896214778,
877258,375,Nitrogen dioxide (NO2),Mean,ppb,CD,414,Rockaway and Broad Channel (CD14),Winter 2022-23,12/01/2022,11.87774283,
874898,365,Fine particles (PM 2.5),Mean,mcg/m3,CD,304,Bushwick (CD4),Winter 2022-23,12/01/2022,6.781702364,
877045,375,Nitrogen dioxide (NO2),Mean,ppb,UHF34,401,Long Island City - Astoria,Winter 2022-23,12/01/2022,22.30308226,
877066,375,Nitrogen dioxide (NO2),Mean,ppb,UHF34,410,Rockaways,Winter 2022-23,12/01/2022,11.90192295,
876934,375,Nitrogen dioxide (NO2),Mean,ppb,UHF42,307,Gramercy Park - Murray Hill,Winter 2022-23,12/01/2022,25.77429464,
877051,375,Nitrogen dioxide (NO2),Mean,ppb,UHF34,403,Flushing - Clearview,Winter 2022-23,12/01/2022,18.93045334,
877042,375,Nitrogen dioxide (NO2),Mean,ppb,UHF34,304,Upper West Side,Winter 2022-23,12/01/2022,21.4349848,
877165,375,Nitrogen dioxide (NO2),Mean,ppb,CD,301,Greenpoint and Williamsburg (CD1),Winter 2022-23,12/01/2022,23.95804204,
874862,365,Fine particles (PM 2.5),Mean,mcg/m3,CD,414,Rockaway and Broad Channel (CD14),Winter 2022-23,12/01/2022,5.263463655,
877129,375,Nitrogen dioxide (NO2),Mean,ppb,CD,201,Mott Haven and Melrose (CD1),Winter 2022-23,12/01/2022,21.74063621,
876862,375,Nitrogen dioxide (NO2),Mean,ppb,UHF42,101,Kingsbridge - Riverdale,Winter 2022-23,12/01/2022,17.89722521,
877018,375,Nitrogen dioxide (NO2),Mean,ppb,UHF34,207,East Flatbush - Flatbush,Winter 2022-23,12/01/2022,22.36837297,
877198,375,Nitrogen dioxide (NO2),Mean,ppb,CD,312,Borough Park (CD12),Winter 2022-23,12/01/2022,22.55241006,
877012,375,Nitrogen dioxide (NO2),Mean,ppb,UHF34,205,Sunset Park,Winter 2022-23,12/01/2022,24.34283005,
876958,375,Nitrogen dioxide (NO2),Mean,ppb,UHF42,405,Ridgewood - Forest Hills,Winter 2022-23,12/01/2022,21.96049467,
874594,365,Fine particles (PM 2.5),Mean,mcg/m3,CD,202,Hunts Point and Longwood (CD2),Winter 2022-23,12/01/2022,7.03025526,
874358,365,Fine particles (PM 2.5),Mean,mcg/m3,UHF42,101,Kingsbridge - Riverdale,Winter 2022-23,12/01/2022,6.579128989,
874343,365,Fine particles (PM 2.5),Mean,mcg/m3,UHF42,106,High Bridge - Morrisania,Winter 2022-23,12/01/2022,6.537183143,
874481,365,Fine particles (PM 2.5),Mean,mcg/m3,UHF42,304,Upper West Side,Winter 2022-23,12/01/2022,6.434470082,
876922,375,Nitrogen dioxide (NO2),Mean,ppb,UHF42,303,East Harlem,Winter 2022-23,12/01/2022,20.16780596,
877102,375,Nitrogen dioxide (NO2),Mean,ppb,CD,104,Clinton and Chelsea (CD4),Winter 2022-23,12/01/2022,24.88228661,
877261,375,Nitrogen dioxide (NO2),Mean,ppb,CD,501,St. George and Stapleton (CD1),Winter 2022-23,12/01/2022,20.32132712,
877048,375,Nitrogen dioxide (NO2),Mean,ppb,UHF34,402,West Queens,Winter 2022-23,12/01/2022,22.48203662,
874403,365,Fine particles (PM 2.5),Mean,mcg/m3,UHF34,202,Downtown - Heights - Slope,Winter 2022-23,12/01/2022,6.801170004,
874388,365,Fine particles (PM 2.5),Mean,mcg/m3,UHF34,207,East Flatbush - Flatbush,Winter 2022-23,12/01/2022,6.12954308,
877003,375,Nitrogen dioxide (NO2),Mean,ppb,UHF34,202,Downtown - Heights - Slope,Winter 2022-23,12/01/2022,23.55155679,
877144,375,Nitrogen dioxide (NO2),Mean,ppb,CD,206,Belmont and East Tremont (CD6),Winter 2022-23,12/01/2022,21.41995292,
876859,375,Nitrogen dioxide (NO2),Mean,ppb,Borough,5,Staten Island,Winter 2022-23,12/01/2022,17.32271341,
877105,375,Nitrogen dioxide (NO2),Mean,ppb,CD,105,Midtown (CD5),Winter 2022-23,12/01/2022,27.45984454,
876982,375,Nitrogen dioxide (NO2),Mean,ppb,UHF42,503,Willowbrook,Winter 2022-23,12/01/2022,17.20221576,
874415,365,Fine particles (PM 2.5),Mean,mcg/m3,UHF34,102,Northeast Bronx,Winter 2022-23,12/01/2022,6.539488972,
877111,375,Nitrogen dioxide (NO2),Mean,ppb,CD,107,Upper West Side (CD7),Winter 2022-23,12/01/2022,21.49118331,
877063,375,Nitrogen dioxide (NO2),Mean,ppb,UHF34,409,Southeast Queens,Winter 2022-23,12/01/2022,17.64945867,
877207,375,Nitrogen dioxide (NO2),Mean,ppb,CD,315,Sheepshead Bay (CD15),Winter 2022-23,12/01/2022,18.26300034,
874904,365,Fine particles (PM 2.5),Mean,mcg/m3,CD,306,Park Slope and Carroll Gardens (CD6),Winter 2022-23,12/01/2022,6.799389863,
874552,365,Fine particles (PM 2.5),Mean,mcg/m3,UHF34,305307,Upper East Side-Gramercy,Winter 2022-23,12/01/2022,7.263107752,
874641,365,Fine particles (PM 2.5),Mean,mcg/m3,CD,207,Kingsbridge Heights and Bedford (CD7),Winter 2022-23,12/01/2022,6.659692586,
874516,365,Fine particles (PM 2.5),Mean,mcg/m3,CD,105,Midtown (CD5),Winter 2022-23,12/01/2022,8.957807345,
877195,375,Nitrogen dioxide (NO2),Mean,ppb,CD,311,Bensonhurst (CD11),Winter 2022-23,12/01/2022,21.04523602,
874585,365,Fine particles (PM 2.5),Mean,mcg/m3,UHF34,302,Central Harlem - Morningside Heights,Winter 2022-23,12/01/2022,6.608300171,
877183,375,Nitrogen dioxide (NO2),Mean,ppb,CD,307,Sunset Park (CD7),Winter 2022-23,12/01/2022,24.31503126,
876997,375,Nitrogen dioxide (NO2),Mean,ppb,UHF34,104,Pelham - Throgs Neck,Winter 2022-23,12/01/2022,19.78791893,
874430,365,Fine particles (PM 2.5),Mean,mcg/m3,UHF42,501,Port Richmond,Winter 2022-23,12/01/2022,5.872646256,
874877,365,Fine particles (PM 2.5),Mean,mcg/m3,CD,209,Parkchester and Soundview (CD9),Winter 2022-23,12/01/2022,6.606709065,
877216,375,Nitrogen dioxide (NO2),Mean,ppb,CD,318,Flatlands and Canarsie (CD18),Winter 2022-23,12/01/2022,19.32174228,
877087,375,Nitrogen dioxide (NO2),Mean,ppb,UHF34,105106107,South Bronx,Winter 2022-23,12/01/2022,21.77739196,
874406,365,Fine particles (PM 2.5),Mean,mcg/m3,UHF34,201,Greenpoint,Winter 2022-23,12/01/2022,6.968784799,
876883,375,Nitrogen dioxide (NO2),Mean,ppb,UHF42,201,Greenpoint,Winter 2022-23,12/01/2022,23.78126415,
876940,375,Nitrogen dioxide (NO2),Mean,ppb,UHF42,309,Union Square - Lower East Side,Winter 2022-23,12/01/2022,22.44163958,
876970,375,Nitrogen dioxide (NO2),Mean,ppb,UHF42,409,Southeast Queens,Winter 2022-23,12/01/2022,17.64972749,
877090,375,Nitrogen dioxide (NO2),Mean,ppb,Citywide,1,New York City,Winter 2022-23,12/01/2022,19.8247288,
874573,365,Fine particles (PM 2.5),Mean,mcg/m3,UHF34,402,West Queens,Winter 2022-23,12/01/2022,6.665068392,
874579,365,Fine particles (PM 2.5),Mean,mcg/m3,UHF34,304,Upper West Side,Winter 2022-23,12/01/2022,6.434479995,
877255,375,Nitrogen dioxide (NO2),Mean,ppb,CD,413,Queens Village (CD13),Winter 2022-23,12/01/2022,17.795487,
874549,365,Fine particles (PM 2.5),Mean,mcg/m3,UHF34,306308,Chelsea-Village,Winter 2022-23,12/01/2022,8.279870171,
877168,375,Nitrogen dioxide (NO2),Mean,ppb,CD,302,Fort Greene and Brooklyn Heights (CD2),Winter 2022-23,12/01/2022,23.56166841,
877201,375,Nitrogen dioxide (NO2),Mean,ppb,CD,313,Coney Island (CD13),Winter 2022-23,12/01/2022,18.02621754,
874919,365,Fine particles (PM 2.5),Mean,mcg/m3,CD,311,Bensonhurst (CD11),Winter 2022-23,12/01/2022,5.925667074,
874457,365,Fine particles (PM 2.5),Mean,mcg/m3,UHF42,402,West Queens,Winter 2022-23,12/01/2022,6.665068392,
874558,365,Fine particles (PM 2.5),Mean,mcg/m3,UHF34,409,Southeast Queens,Winter 2022-23,12/01/2022,5.617697449,
874892,365,Fine particles (PM 2.5),Mean,mcg/m3,CD,302,Fort Greene and Brooklyn Heights (CD2),Winter 2022-23,12/01/2022,6.826533179,
874349,365,Fine particles (PM 2.5),Mean,mcg/m3,UHF42,104,Pelham - Throgs Neck,Winter 2022-23,12/01/2022,6.522234553,
874328,365,Fine particles (PM 2.5),Mean,mcg/m3,UHF42,204,East New York,Winter 2022-23,12/01/2022,6.284280262,
874504,365,Fine particles (PM 2.5),Mean,mcg/m3,CD,109,Morningside Heights and Hamilton Heights (CD9),Winter 2022-23,12/01/2022,6.607284157,
877210,375,Nitrogen dioxide (NO2),Mean,ppb,CD,316,Brownsville (CD16),Winter 2022-23,12/01/2022,23.41915303,
874570,365,Fine particles (PM 2.5),Mean,mcg/m3,UHF34,403,Flushing - Clearview,Winter 2022-23,12/01/2022,6.234041209,
874874,365,Fine particles (PM 2.5),Mean,mcg/m3,CD,208,Riverdale and Fieldston (CD8),Winter 2022-23,12/01/2022,6.575514685,
874487,365,Fine particles (PM 2.5),Mean,mcg/m3,UHF42,302,Central Harlem - Morningside Heights,Winter 2022-23,12/01/2022,6.608280997,
874835,365,Fine particles (PM 2.5),Mean,mcg/m3,CD,405,Ridgewood and Maspeth (CD5),Winter 2022-23,12/01/2022,6.469220692,
874531,365,Fine particles (PM 2.5),Mean,mcg/m3,Citywide,1,New York City,Winter 2022-23,12/01/2022,6.149905318,
877243,375,Nitrogen dioxide (NO2),Mean,ppb,CD,409,Kew Gardens and Woodhaven (CD9),Winter 2022-23,12/01/2022,21.48155697,
877000,375,Nitrogen dioxide (NO2),Mean,ppb,UHF34,201,Greenpoint,Winter 2022-23,12/01/2022,23.78126415,
874394,365,Fine particles (PM 2.5),Mean,mcg/m3,UHF34,205,Sunset Park,Winter 2022-23,12/01/2022,6.619944446,
874340,365,Fine particles (PM 2.5),Mean,mcg/m3,UHF42,107,Hunts Point - Mott Haven,Winter 2022-23,12/01/2022,6.746809888,
874391,365,Fine particles (PM 2.5),Mean,mcg/m3,UHF34,206,Borough Park,Winter 2022-23,12/01/2022,6.105061444,
877153,375,Nitrogen dioxide (NO2),Mean,ppb,CD,209,Parkchester and Soundview (CD9),Winter 2022-23,12/01/2022,20.96169918,
876955,375,Nitrogen dioxide (NO2),Mean,ppb,UHF42,404,Bayside - Little Neck,Winter 2022-23,12/01/2022,17.44185147,
877162,375,Nitrogen dioxide (NO2),Mean,ppb,CD,212,Williamsbridge and Baychester (CD12),Winter 2022-23,12/01/2022,17.32271887,
874597,365,Fine particles (PM 2.5),Mean,mcg/m3,CD,203,Morrisania and Crotona (CD3),Winter 2022-23,12/01/2022,6.75854421,
876967,375,Nitrogen dioxide (NO2),Mean,ppb,UHF42,408,Jamaica,Winter 2022-23,12/01/2022,19.68614922,
874421,365,Fine particles (PM 2.5),Mean,mcg/m3,UHF42,504,South Beach - Tottenville,Winter 2022-23,12/01/2022,5.33923052,
874576,365,Fine particles (PM 2.5),Mean,mcg/m3,UHF34,401,Long Island City - Astoria,Winter 2022-23,12/01/2022,6.882464971,
876928,375,Nitrogen dioxide (NO2),Mean,ppb,UHF42,305,Upper East Side,Winter 2022-23,12/01/2022,22.32175756,
874334,365,Fine particles (PM 2.5),Mean,mcg/m3,UHF42,202,Downtown - Heights - Slope,Winter 2022-23,12/01/2022,6.801170004,
874433,365,Fine particles (PM 2.5),Mean,mcg/m3,UHF42,410,Rockaways,Winter 2022-23,12/01/2022,5.26452039,
877150,375,Nitrogen dioxide (NO2),Mean,ppb,CD,208,Riverdale and Fieldston (CD8),Winter 2022-23,12/01/2022,17.86500286,
877117,375,Nitrogen dioxide (NO2),Mean,ppb,CD,109,Morningside Heights and Hamilton Heights (CD9),Winter 2022-23,12/01/2022,19.98202778,
876868,375,Nitrogen dioxide (NO2),Mean,ppb,UHF42,103,Fordham - Bronx Pk,Winter 2022-23,12/01/2022,18.99476736,
877225,375,Nitrogen dioxide (NO2),Mean,ppb,CD,403,Jackson Heights (CD3),Winter 2022-23,12/01/2022,20.85918499,
877108,375,Nitrogen dioxide (NO2),Mean,ppb,CD,106,Stuyvesant Town and Turtle Bay (CD6),Winter 2022-23,12/01/2022,24.56547385,
876853,375,Nitrogen dioxide (NO2),Mean,ppb,Borough,3,Manhattan,Winter 2022-23,12/01/2022,22.57471752,
877024,375,Nitrogen dioxide (NO2),Mean,ppb,UHF34,209,Bensonhurst - Bay Ridge,Winter 2022-23,12/01/2022,21.59935664,
874910,365,Fine particles (PM 2.5),Mean,mcg/m3,CD,308,Crown Heights and Prospect Heights (CD8),Winter 2022-23,12/01/2022,6.582934349,
876880,375,Nitrogen dioxide (NO2),Mean,ppb,UHF42,107,Hunts Point - Mott Haven,Winter 2022-23,12/01/2022,21.80011208,
877120,375,Nitrogen dioxide (NO2),Mean,ppb,CD,110,Central Harlem (CD10),Winter 2022-23,12/01/2022,20.00988219,
876874,375,Nitrogen dioxide (NO2),Mean,ppb,UHF42,105,Crotona -Tremont,Winter 2022-23,12/01/2022,21.97406172,
876946,375,Nitrogen dioxide (NO2),Mean,ppb,UHF42,401,Long Island City - Astoria,Winter 2022-23,12/01/2022,22.30308226,
874513,365,Fine particles (PM 2.5),Mean,mcg/m3,CD,106,Stuyvesant Town and Turtle Bay (CD6),Winter 2022-23,12/01/2022,7.587894778,
874355,365,Fine particles (PM 2.5),Mean,mcg/m3,UHF42,102,Northeast Bronx,Winter 2022-23,12/01/2022,6.539495579,
874907,365,Fine particles (PM 2.5),Mean,mcg/m3,CD,307,Sunset Park (CD7),Winter 2022-23,12/01/2022,6.612257463,
874352,365,Fine particles (PM 2.5),Mean,mcg/m3,UHF42,103,Fordham - Bronx Pk,Winter 2022-23,12/01/2022,6.623421932,
877027,375,Nitrogen dioxide (NO2),Mean,ppb,UHF34,210,Coney Island - Sheepshead Bay,Winter 2022-23,12/01/2022,18.29529819,
874454,365,Fine particles (PM 2.5),Mean,mcg/m3,UHF42,403,Flushing - Clearview,Winter 2022-23,12/01/2022,6.233672408,
877030,375,Nitrogen dioxide (NO2),Mean,ppb,UHF34,211,Williamsburg - Bushwick,Winter 2022-23,12/01/2022,23.81074216,
877204,375,Nitrogen dioxide (NO2),Mean,ppb,CD,314,Flatbush and Midwood (CD14),Winter 2022-23,12/01/2022,21.9471403,
874418,365,Fine particles (PM 2.5),Mean,mcg/m3,UHF34,101,Kingsbridge - Riverdale,Winter 2022-23,12/01/2022,6.579128989,
877189,375,Nitrogen dioxide (NO2),Mean,ppb,CD,309,South Crown Heights and Lefferts Gardens (CD9),Winter 2022-23,12/01/2022,22.88346514,
876943,375,Nitrogen dioxide (NO2),Mean,ppb,UHF42,310,Lower Manhattan,Winter 2022-23,12/01/2022,24.03065331,
874316,365,Fine particles (PM 2.5),Mean,mcg/m3,UHF42,208,Canarsie - Flatlands,Winter 2022-23,12/01/2022,5.843269135,
876985,375,Nitrogen dioxide (NO2),Mean,ppb,UHF42,504,South Beach - Tottenville,Winter 2022-23,12/01/2022,15.74624114,
874546,365,Fine particles (PM 2.5),Mean,mcg/m3,UHF34,309310,Union Square-Lower Manhattan,Winter 2022-23,12/01/2022,7.497413053,
877075,375,Nitrogen dioxide (NO2),Mean,ppb,UHF34,309310,Union Square-Lower Manhattan,Winter 2022-23,12/01/2022,22.94060062,
874540,365,Fine particles (PM 2.5),Mean,mcg/m3,UHF34,501502,Northern SI,Winter 2022-23,12/01/2022,5.74043349,
877099,375,Nitrogen dioxide (NO2),Mean,ppb,CD,103,Lower East Side and Chinatown (CD3),Winter 2022-23,12/01/2022,22.22868655,
874814,365,Fine particles (PM 2.5),Mean,mcg/m3,CD,316,Brownsville (CD16),Winter 2022-23,12/01/2022,6.300029532,
876919,375,Nitrogen dioxide (NO2),Mean,ppb,UHF42,302,Central Harlem - Morningside Heights,Winter 2022-23,12/01/2022,20.01117466,
877231,375,Nitrogen dioxide (NO2),Mean,ppb,CD,405,Ridgewood and Maspeth (CD5),Winter 2022-23,12/01/2022,22.81228691,
874475,365,Fine particles (PM 2.5),Mean,mcg/m3,UHF42,306,Chelsea - Clinton,Winter 2022-23,12/01/2022,8.367823453,
874880,365,Fine particles (PM 2.5),Mean,mcg/m3,CD,210,Throgs Neck and Co-op City (CD10),Winter 2022-23,12/01/2022,6.411859199,
877141,375,Nitrogen dioxide (NO2),Mean,ppb,CD,205,Fordham and University Heights (CD5),Winter 2022-23,12/01/2022,21.78102218,
874370,365,Fine particles (PM 2.5),Mean,mcg/m3,Borough,2,Brooklyn,Winter 2022-23,12/01/2022,6.261810134,
876991,375,Nitrogen dioxide (NO2),Mean,ppb,UHF34,102,Northeast Bronx,Winter 2022-23,12/01/2022,17.57637342,
874823,365,Fine particles (PM 2.5),Mean,mcg/m3,CD,401,Long Island City and Astoria (CD1),Winter 2022-23,12/01/2022,6.623326406,
874490,365,Fine particles (PM 2.5),Mean,mcg/m3,UHF42,301,Washington Heights,Winter 2022-23,12/01/2022,6.701271742,
874808,365,Fine particles (PM 2.5),Mean,mcg/m3,CD,314,Flatbush and Midwood (CD14),Winter 2022-23,12/01/2022,6.073648929,
874460,365,Fine particles (PM 2.5),Mean,mcg/m3,UHF42,401,Long Island City - Astoria,Winter 2022-23,12/01/2022,6.882464971,
877015,375,Nitrogen dioxide (NO2),Mean,ppb,UHF34,206,Borough Park,Winter 2022-23,12/01/2022,22.318317,
874331,365,Fine particles (PM 2.5),Mean,mcg/m3,UHF42,203,Bedford Stuyvesant - Crown Heights,Winter 2022-23,12/01/2022,6.433502307,
874826,365,Fine particles (PM 2.5),Mean,mcg/m3,CD,402,Woodside and Sunnyside (CD2),Winter 2022-23,12/01/2022,6.954335142,
874802,365,Fine particles (PM 2.5),Mean,mcg/m3,CD,312,Borough Park (CD12),Winter 2022-23,12/01/2022,6.153150783,
877171,375,Nitrogen dioxide (NO2),Mean,ppb,CD,303,Bedford Stuyvesant (CD3),Winter 2022-23,12/01/2022,23.28364437,
876994,375,Nitrogen dioxide (NO2),Mean,ppb,UHF34,103,Fordham - Bronx Pk,Winter 2022-23,12/01/2022,18.99476736,
874883,365,Fine particles (PM 2.5),Mean,mcg/m3,CD,211,Morris Park and Bronxdale (CD11),Winter 2022-23,12/01/2022,6.580872292,
874427,365,Fine particles (PM 2.5),Mean,mcg/m3,UHF42,502,Stapleton - St. George,Winter 2022-23,12/01/2022,5.669842283,
874307,365,Fine particles (PM 2.5),Mean,mcg/m3,UHF42,211,Williamsburg - Bushwick,Winter 2022-23,12/01/2022,6.918133058,
827032,386,Ozone (O3),Mean,ppb,CD,205,Fordham and University Heights (CD5),Summer 2022,06/01/2022,31.19725069,
823349,365,Fine particles (PM 2.5),Mean,mcg/m3,CD,101,Financial District (CD1),Summer 2022,06/01/2022,7.44251086,
823158,365,Fine particles (PM 2.5),Mean,mcg/m3,CD,202,Hunts Point and Longwood (CD2),Summer 2022,06/01/2022,7.453216161,
826001,375,Nitrogen dioxide (NO2),Mean,ppb,CD,202,Hunts Point and Longwood (CD2),Summer 2022,06/01/2022,14.15757339,
827062,386,Ozone (O3),Mean,ppb,UHF34,403,Flushing - Clearview,Summer 2022,06/01/2022,34.48480583,
827124,386,Ozone (O3),Mean,ppb,UHF42,302,Central Harlem - Morningside Heights,Summer 2022,06/01/2022,30.91161067,
827076,386,Ozone (O3),Mean,ppb,UHF34,204,East New York,Summer 2022,06/01/2022,34.366186,
827081,386,Ozone (O3),Mean,ppb,UHF34,103,Fordham - Bronx Pk,Summer 2022,06/01/2022,31.666184,
827113,386,Ozone (O3),Mean,ppb,UHF42,403,Flushing - Clearview,Summer 2022,06/01/2022,34.47607536,
823322,365,Fine particles (PM 2.5),Mean,mcg/m3,UHF42,102,Northeast Bronx,Summer 2022,06/01/2022,7.076432621,
825979,375,Nitrogen dioxide (NO2),Mean,ppb,UHF42,504,South Beach - Tottenville,Summer 2022,06/01/2022,6.854871982,
827060,386,Ozone (O3),Mean,ppb,UHF34,407,Southwest Queens,Summer 2022,06/01/2022,35.15560782,
825775,375,Nitrogen dioxide (NO2),Mean,ppb,UHF42,201,Greenpoint,Summer 2022,06/01/2022,14.06871488,
823534,365,Fine particles (PM 2.5),Mean,mcg/m3,CD,403,Jackson Heights (CD3),Summer 2022,06/01/2022,6.769809466,
823352,365,Fine particles (PM 2.5),Mean,mcg/m3,Citywide,1,New York City,Summer 2022,06/01/2022,6.446784508,
827066,386,Ozone (O3),Mean,ppb,UHF34,303,East Harlem,Summer 2022,06/01/2022,31.62649667,
827056,386,Ozone (O3),Mean,ppb,UHF34,305307,Upper East Side-Gramercy,Summer 2022,06/01/2022,29.8790862,
827065,386,Ozone (O3),Mean,ppb,UHF34,304,Upper West Side,Summer 2022,06/01/2022,29.86919003,
827125,386,Ozone (O3),Mean,ppb,UHF42,301,Washington Heights,Summer 2022,06/01/2022,29.85341007,
827051,386,Ozone (O3),Mean,ppb,UHF34,503504,Southern SI,Summer 2022,06/01/2022,35.56104123,
825994,375,Nitrogen dioxide (NO2),Mean,ppb,UHF42,409,Southeast Queens,Summer 2022,06/01/2022,9.803605923,
827077,386,Ozone (O3),Mean,ppb,UHF34,203,Bedford Stuyvesant - Crown Heights,Summer 2022,06/01/2022,33.71192434,
827080,386,Ozone (O3),Mean,ppb,UHF34,104,Pelham - Throgs Neck,Summer 2022,06/01/2022,33.2891319,
825933,375,Nitrogen dioxide (NO2),Mean,ppb,UHF34,204,East New York,Summer 2022,06/01/2022,10.9473018,
827042,386,Ozone (O3),Mean,ppb,CD,107,Upper West Side (CD7),Summer 2022,06/01/2022,29.8879642,
825970,375,Nitrogen dioxide (NO2),Mean,ppb,UHF34,103,Fordham - Bronx Pk,Summer 2022,06/01/2022,11.52139831,
825900,375,Nitrogen dioxide (NO2),Mean,ppb,UHF34,304,Upper West Side,Summer 2022,06/01/2022,14.66175373,
827000,386,Ozone (O3),Mean,ppb,CD,407,Flushing and Whitestone (CD7),Summer 2022,06/01/2022,34.44220259,
826330,375,Nitrogen dioxide (NO2),Mean,ppb,CD,312,Borough Park (CD12),Summer 2022,06/01/2022,10.29714096,
823250,365,Fine particles (PM 2.5),Mean,mcg/m3,UHF42,308,Greenwich Village - SoHo,Summer 2022,06/01/2022,8.043034783,
827115,386,Ozone (O3),Mean,ppb,UHF42,401,Long Island City - Astoria,Summer 2022,06/01/2022,32.93001894,
823271,365,Fine particles (PM 2.5),Mean,mcg/m3,UHF42,301,Washington Heights,Summer 2022,06/01/2022,7.231888703,
825867,375,Nitrogen dioxide (NO2),Mean,ppb,UHF34,309310,Union Square-Lower Manhattan,Summer 2022,06/01/2022,14.76064225,
826993,386,Ozone (O3),Mean,ppb,CD,414,Rockaway and Broad Channel (CD14),Summer 2022,06/01/2022,37.58306865,
827030,386,Ozone (O3),Mean,ppb,CD,207,Kingsbridge Heights and Bedford (CD7),Summer 2022,06/01/2022,31.51980337,
825694,375,Nitrogen dioxide (NO2),Mean,ppb,UHF42,407,Southwest Queens,Summer 2022,06/01/2022,9.702181732,
826360,375,Nitrogen dioxide (NO2),Mean,ppb,CD,404,Elmhurst and Corona (CD4),Summer 2022,06/01/2022,12.24107819,
826345,375,Nitrogen dioxide (NO2),Mean,ppb,CD,317,East Flatbush (CD17),Summer 2022,06/01/2022,10.50434711,
826117,375,Nitrogen dioxide (NO2),Mean,ppb,CD,503,Tottenville and Great Kills (CD3),Summer 2022,06/01/2022,6.772493129,
825843,375,Nitrogen dioxide (NO2),Mean,ppb,CD,103,Lower East Side and Chinatown (CD3),Summer 2022,06/01/2022,13.56502934,
825724,375,Nitrogen dioxide (NO2),Mean,ppb,UHF42,307,Gramercy Park - Murray Hill,Summer 2022,06/01/2022,19.60382423,
823211,365,Fine particles (PM 2.5),Mean,mcg/m3,CD,105,Midtown (CD5),Summer 2022,06/01/2022,8.719927105,
825739,375,Nitrogen dioxide (NO2),Mean,ppb,UHF42,302,Central Harlem - Morningside Heights,Summer 2022,06/01/2022,13.24042398,
823301,365,Fine particles (PM 2.5),Mean,mcg/m3,UHF42,202,Downtown - Heights - Slope,Summer 2022,06/01/2022,6.911800513,
825918,375,Nitrogen dioxide (NO2),Mean,ppb,UHF34,209,Bensonhurst - Bay Ridge,Summer 2022,06/01/2022,9.773626847,
825912,375,Nitrogen dioxide (NO2),Mean,ppb,UHF34,211,Williamsburg - Bushwick,Summer 2022,06/01/2022,12.66801156,
823268,365,Fine particles (PM 2.5),Mean,mcg/m3,UHF42,302,Central Harlem - Morningside Heights,Summer 2022,06/01/2022,7.126396863,
823343,365,Fine particles (PM 2.5),Mean,mcg/m3,CD,103,Lower East Side and Chinatown (CD3),Summer 2022,06/01/2022,7.41411341,
827038,386,Ozone (O3),Mean,ppb,CD,111,East Harlem (CD11),Summer 2022,06/01/2022,31.53651581,
826998,386,Ozone (O3),Mean,ppb,CD,409,Kew Gardens and Woodhaven (CD9),Summer 2022,06/01/2022,34.53289013,
827071,386,Ozone (O3),Mean,ppb,UHF34,209,Bensonhurst - Bay Ridge,Summer 2022,06/01/2022,35.81921707,
827069,386,Ozone (O3),Mean,ppb,UHF34,211,Williamsburg - Bushwick,Summer 2022,06/01/2022,33.17297803,
826114,375,Nitrogen dioxide (NO2),Mean,ppb,CD,502,South Beach and Willowbrook (CD2),Summer 2022,06/01/2022,8.007602768,
826111,375,Nitrogen dioxide (NO2),Mean,ppb,CD,501,St. George and Stapleton (CD1),Summer 2022,06/01/2022,9.300488829,
827016,386,Ozone (O3),Mean,ppb,CD,309,South Crown Heights and Lefferts Gardens (CD9),Summer 2022,06/01/2022,34.39961035,
827012,386,Ozone (O3),Mean,ppb,CD,313,Coney Island (CD13),Summer 2022,06/01/2022,37.67186939,
825790,375,Nitrogen dioxide (NO2),Mean,ppb,UHF42,103,Fordham - Bronx Pk,Summer 2022,06/01/2022,11.52139831,
825730,375,Nitrogen dioxide (NO2),Mean,ppb,UHF42,305,Upper East Side,Summer 2022,06/01/2022,15.18150009,
825763,375,Nitrogen dioxide (NO2),Mean,ppb,UHF42,205,Sunset Park,Summer 2022,06/01/2022,12.54174934,
827018,386,Ozone (O3),Mean,ppb,CD,307,Sunset Park (CD7),Summer 2022,06/01/2022,33.47063595,
823229,365,Fine particles (PM 2.5),Mean,mcg/m3,UHF42,405,Ridgewood - Forest Hills,Summer 2022,06/01/2022,6.496026238,
823292,365,Fine particles (PM 2.5),Mean,mcg/m3,UHF42,205,Sunset Park,Summer 2022,06/01/2022,6.696804885,
823235,365,Fine particles (PM 2.5),Mean,mcg/m3,UHF42,403,Flushing - Clearview,Summer 2022,06/01/2022,6.644860341,
827011,386,Ozone (O3),Mean,ppb,CD,314,Flatbush and Midwood (CD14),Summer 2022,06/01/2022,34.91394865,
825796,375,Nitrogen dioxide (NO2),Mean,ppb,UHF42,101,Kingsbridge - Riverdale,Summer 2022,06/01/2022,10.63957234,
825834,375,Nitrogen dioxide (NO2),Mean,ppb,CD,106,Stuyvesant Town and Turtle Bay (CD6),Summer 2022,06/01/2022,17.47746506,
826013,375,Nitrogen dioxide (NO2),Mean,ppb,CD,206,Belmont and East Tremont (CD6),Summer 2022,06/01/2022,12.9620984,
823361,365,Fine particles (PM 2.5),Mean,mcg/m3,UHF34,501502,Northern SI,Summer 2022,06/01/2022,6.02607002,
823304,365,Fine particles (PM 2.5),Mean,mcg/m3,UHF42,201,Greenpoint,Summer 2022,06/01/2022,7.186699469,
823367,365,Fine particles (PM 2.5),Mean,mcg/m3,UHF34,309310,Union Square-Lower Manhattan,Summer 2022,06/01/2022,7.519751457,
825819,375,Nitrogen dioxide (NO2),Mean,ppb,CD,111,East Harlem (CD11),Summer 2022,06/01/2022,13.00598294,
827014,386,Ozone (O3),Mean,ppb,CD,311,Bensonhurst (CD11),Summer 2022,06/01/2022,36.54828959,
827070,386,Ozone (O3),Mean,ppb,UHF34,210,Coney Island - Sheepshead Bay,Summer 2022,06/01/2022,37.07216274,
827057,386,Ozone (O3),Mean,ppb,UHF34,410,Rockaways,Summer 2022,06/01/2022,37.50032276,
825915,375,Nitrogen dioxide (NO2),Mean,ppb,UHF34,210,Coney Island - Sheepshead Bay,Summer 2022,06/01/2022,8.463694088,
823564,365,Fine particles (PM 2.5),Mean,mcg/m3,CD,413,Queens Village (CD13),Summer 2022,06/01/2022,6.146248912,
827148,386,Ozone (O3),Mean,ppb,Borough,1,Bronx,Summer 2022,06/01/2022,32.24398188,
827130,386,Ozone (O3),Mean,ppb,UHF42,207,East Flatbush - Flatbush,Summer 2022,06/01/2022,34.89698884,
823424,365,Fine particles (PM 2.5),Mean,mcg/m3,UHF34,207,East Flatbush - Flatbush,Summer 2022,06/01/2022,6.173406281,
827068,386,Ozone (O3),Mean,ppb,UHF34,301,Washington Heights,Summer 2022,06/01/2022,29.85364772,
823283,365,Fine particles (PM 2.5),Mean,mcg/m3,UHF42,208,Canarsie - Flatlands,Summer 2022,06/01/2022,5.929055364,
823253,365,Fine particles (PM 2.5),Mean,mcg/m3,UHF42,307,Gramercy Park - Murray Hill,Summer 2022,06/01/2022,7.965107517,
827082,386,Ozone (O3),Mean,ppb,UHF34,102,Northeast Bronx,Summer 2022,06/01/2022,32.19846713,
826073,375,Nitrogen dioxide (NO2),Mean,ppb,CD,413,Queens Village (CD13),Summer 2022,06/01/2022,9.959880539,
823205,365,Fine particles (PM 2.5),Mean,mcg/m3,CD,107,Upper West Side (CD7),Summer 2022,06/01/2022,7.006053998,
823567,365,Fine particles (PM 2.5),Mean,mcg/m3,CD,414,Rockaway and Broad Channel (CD14),Summer 2022,06/01/2022,5.544136503,
825712,375,Nitrogen dioxide (NO2),Mean,ppb,UHF42,401,Long Island City - Astoria,Summer 2022,06/01/2022,13.22276301,
823457,365,Fine particles (PM 2.5),Mean,mcg/m3,UHF42,504,South Beach - Tottenville,Summer 2022,06/01/2022,5.641128028,
827059,386,Ozone (O3),Mean,ppb,UHF34,408,Jamaica,Summer 2022,06/01/2022,34.40726097,
823448,365,Fine particles (PM 2.5),Mean,mcg/m3,UHF34,103,Fordham - Bronx Pk,Summer 2022,06/01/2022,7.129036078,
823391,365,Fine particles (PM 2.5),Mean,mcg/m3,UHF34,403,Flushing - Clearview,Summer 2022,06/01/2022,6.645086401,
825825,375,Nitrogen dioxide (NO2),Mean,ppb,CD,109,Morningside Heights and Hamilton Heights (CD9),Summer 2022,06/01/2022,13.2941356,
826321,375,Nitrogen dioxide (NO2),Mean,ppb,CD,309,South Crown Heights and Lefferts Gardens (CD9),Summer 2022,06/01/2022,10.62078324,
825967,375,Nitrogen dioxide (NO2),Mean,ppb,UHF34,104,Pelham - Throgs Neck,Summer 2022,06/01/2022,11.9642793,
825903,375,Nitrogen dioxide (NO2),Mean,ppb,UHF34,303,East Harlem,Summer 2022,06/01/2022,12.95828058,
825873,375,Nitrogen dioxide (NO2),Mean,ppb,UHF34,305307,Upper East Side-Gramercy,Summer 2022,06/01/2022,17.25579595,
825906,375,Nitrogen dioxide (NO2),Mean,ppb,UHF34,302,Central Harlem - Morningside Heights,Summer 2022,06/01/2022,13.2403218,
827104,386,Ozone (O3),Mean,ppb,UHF42,502,Stapleton - St. George,Summer 2022,06/01/2022,34.75588887,
827055,386,Ozone (O3),Mean,ppb,UHF34,306308,Chelsea-Village,Summer 2022,06/01/2022,29.31514809,
825700,375,Nitrogen dioxide (NO2),Mean,ppb,UHF42,405,Ridgewood - Forest Hills,Summer 2022,06/01/2022,10.64357212,
825982,375,Nitrogen dioxide (NO2),Mean,ppb,UHF42,503,Willowbrook,Summer 2022,06/01/2022,8.26877671,
827050,386,Ozone (O3),Mean,ppb,UHF34,105106107,South Bronx,Summer 2022,06/01/2022,32.05465056,
825891,375,Nitrogen dioxide (NO2),Mean,ppb,UHF34,403,Flushing - Clearview,Summer 2022,06/01/2022,11.0399725,
827079,386,Ozone (O3),Mean,ppb,UHF34,201,Greenpoint,Summer 2022,06/01/2022,32.404022,
827001,386,Ozone (O3),Mean,ppb,CD,406,Rego Park and Forest Hills (CD6),Summer 2022,06/01/2022,33.89093469,
825840,375,Nitrogen dioxide (NO2),Mean,ppb,CD,104,Clinton and Chelsea (CD4),Summer 2022,06/01/2022,17.81243819,
826999,386,Ozone (O3),Mean,ppb,CD,408,Hillcrest and Fresh Meadows (CD8),Summer 2022,06/01/2022,33.86222875,
825958,375,Nitrogen dioxide (NO2),Mean,ppb,UHF34,203,Bedford Stuyvesant - Crown Heights,Summer 2022,06/01/2022,11.43810998,
827083,386,Ozone (O3),Mean,ppb,UHF34,101,Kingsbridge - Riverdale,Summer 2022,06/01/2022,29.95390541,
827067,386,Ozone (O3),Mean,ppb,UHF34,302,Central Harlem - Morningside Heights,Summer 2022,06/01/2022,30.91196258,
827061,386,Ozone (O3),Mean,ppb,UHF34,405,Ridgewood - Forest Hills,Summer 2022,06/01/2022,34.18062626,
825888,375,Nitrogen dioxide (NO2),Mean,ppb,UHF34,405,Ridgewood - Forest Hills,Summer 2022,06/01/2022,10.64357212,
825757,375,Nitrogen dioxide (NO2),Mean,ppb,UHF42,207,East Flatbush - Flatbush,Summer 2022,06/01/2022,10.18747995,
825976,375,Nitrogen dioxide (NO2),Mean,ppb,UHF34,101,Kingsbridge - Riverdale,Summer 2022,06/01/2022,10.63957234,
825894,375,Nitrogen dioxide (NO2),Mean,ppb,UHF34,402,West Queens,Summer 2022,06/01/2022,12.76958802,
825964,375,Nitrogen dioxide (NO2),Mean,ppb,UHF34,201,Greenpoint,Summer 2022,06/01/2022,14.06871488,
825870,375,Nitrogen dioxide (NO2),Mean,ppb,UHF34,306308,Chelsea-Village,Summer 2022,06/01/2022,18.53090846,
827078,386,Ozone (O3),Mean,ppb,UHF34,202,Downtown - Heights - Slope,Summer 2022,06/01/2022,32.29772352,
827026,386,Ozone (O3),Mean,ppb,CD,211,Morris Park and Bronxdale (CD11),Summer 2022,06/01/2022,32.7976337,
825864,375,Nitrogen dioxide (NO2),Mean,ppb,UHF34,404406,Bayside Little Neck-Fresh Meadows,Summer 2022,06/01/2022,10.70504303,
827063,386,Ozone (O3),Mean,ppb,UHF34,402,West Queens,Summer 2022,06/01/2022,33.5625397,
825879,375,Nitrogen dioxide (NO2),Mean,ppb,UHF34,409,Southeast Queens,Summer 2022,06/01/2022,9.8035193,
825909,375,Nitrogen dioxide (NO2),Mean,ppb,UHF34,301,Washington Heights,Summer 2022,06/01/2022,13.48827055,
827040,386,Ozone (O3),Mean,ppb,CD,109,Morningside Heights and Hamilton Heights (CD9),Summer 2022,06/01/2022,30.55697009,
826327,375,Nitrogen dioxide (NO2),Mean,ppb,CD,311,Bensonhurst (CD11),Summer 2022,06/01/2022,9.398134233,
827048,386,Ozone (O3),Mean,ppb,CD,101,Financial District (CD1),Summer 2022,06/01/2022,30.29878988,
827023,386,Ozone (O3),Mean,ppb,CD,302,Fort Greene and Brooklyn Heights (CD2),Summer 2022,06/01/2022,31.6016692,
825846,375,Nitrogen dioxide (NO2),Mean,ppb,CD,102,Greenwich Village and Soho (CD2),Summer 2022,06/01/2022,16.36678769,
826034,375,Nitrogen dioxide (NO2),Mean,ppb,CD,301,Greenpoint and Williamsburg (CD1),Summer 2022,06/01/2022,14.10897788,
826354,375,Nitrogen dioxide (NO2),Mean,ppb,CD,402,Woodside and Sunnyside (CD2),Summer 2022,06/01/2022,14.18081179,
826991,386,Ozone (O3),Mean,ppb,CD,502,South Beach and Willowbrook (CD2),Summer 2022,06/01/2022,35.15022251,
826992,386,Ozone (O3),Mean,ppb,CD,501,St. George and Stapleton (CD1),Summer 2022,06/01/2022,34.24407322,
827021,386,Ozone (O3),Mean,ppb,CD,304,Bushwick (CD4),Summer 2022,06/01/2022,33.68081317,
827033,386,Ozone (O3),Mean,ppb,CD,204,Highbridge and Concourse (CD4),Summer 2022,06/01/2022,31.28909381,
826040,375,Nitrogen dioxide (NO2),Mean,ppb,CD,303,Bedford Stuyvesant (CD3),Summer 2022,06/01/2022,11.86087701,
827046,386,Ozone (O3),Mean,ppb,CD,103,Lower East Side and Chinatown (CD3),Summer 2022,06/01/2022,31.37404228,
827007,386,Ozone (O3),Mean,ppb,CD,318,Flatlands and Canarsie (CD18),Summer 2022,06/01/2022,36.17828665,
827008,386,Ozone (O3),Mean,ppb,CD,317,East Flatbush (CD17),Summer 2022,06/01/2022,34.90569044,
826990,386,Ozone (O3),Mean,ppb,CD,503,Tottenville and Great Kills (CD3),Summer 2022,06/01/2022,36.03199529,
826357,375,Nitrogen dioxide (NO2),Mean,ppb,CD,403,Jackson Heights (CD3),Summer 2022,06/01/2022,11.45588083,
825973,375,Nitrogen dioxide (NO2),Mean,ppb,UHF34,102,Northeast Bronx,Summer 2022,06/01/2022,11.61931835,
826996,386,Ozone (O3),Mean,ppb,CD,411,Bayside and Little Neck (CD11),Summer 2022,06/01/2022,33.68961687,
823513,365,Fine particles (PM 2.5),Mean,mcg/m3,CD,314,Flatbush and Midwood (CD14),Summer 2022,06/01/2022,6.105372088,
823259,365,Fine particles (PM 2.5),Mean,mcg/m3,UHF42,305,Upper East Side,Summer 2022,06/01/2022,7.097573293,
827013,386,Ozone (O3),Mean,ppb,CD,312,Borough Park (CD12),Summer 2022,06/01/2022,35.11207427,
827037,386,Ozone (O3),Mean,ppb,CD,112,Washington Heights and Inwood (CD12),Summer 2022,06/01/2022,29.61475137,
826997,386,Ozone (O3),Mean,ppb,CD,410,South Ozone Park and Howard Beach (CD10),Summer 2022,06/01/2022,35.53372839,
826995,386,Ozone (O3),Mean,ppb,CD,412,Jamaica and Hollis (CD12),Summer 2022,06/01/2022,34.63508331,
826324,375,Nitrogen dioxide (NO2),Mean,ppb,CD,310,Bay Ridge and Dyker Heights (CD10),Summer 2022,06/01/2022,10.62784989,
823385,365,Fine particles (PM 2.5),Mean,mcg/m3,UHF34,407,Southwest Queens,Summer 2022,06/01/2022,6.186231641,
823193,365,Fine particles (PM 2.5),Mean,mcg/m3,CD,111,East Harlem (CD11),Summer 2022,06/01/2022,7.051746883,
823185,365,Fine particles (PM 2.5),Mean,mcg/m3,CD,211,Morris Park and Bronxdale (CD11),Summer 2022,06/01/2022,7.072485394,
823179,365,Fine particles (PM 2.5),Mean,mcg/m3,CD,209,Parkchester and Soundview (CD9),Summer 2022,06/01/2022,7.066304658,
823552,365,Fine particles (PM 2.5),Mean,mcg/m3,CD,409,Kew Gardens and Woodhaven (CD9),Summer 2022,06/01/2022,6.410971092,
825930,375,Nitrogen dioxide (NO2),Mean,ppb,UHF34,205,Sunset Park,Summer 2022,06/01/2022,12.54223935,
823328,365,Fine particles (PM 2.5),Mean,mcg/m3,Borough,5,Staten Island,Summer 2022,06/01/2022,5.831422172,
827058,386,Ozone (O3),Mean,ppb,UHF34,409,Southeast Queens,Summer 2022,06/01/2022,34.67347985,
823415,365,Fine particles (PM 2.5),Mean,mcg/m3,UHF34,210,Coney Island - Sheepshead Bay,Summer 2022,06/01/2022,5.821626343,
827052,386,Ozone (O3),Mean,ppb,UHF34,501502,Northern SI,Summer 2022,06/01/2022,34.57566992,
823427,365,Fine particles (PM 2.5),Mean,mcg/m3,UHF34,206,Borough Park,Summer 2022,06/01/2022,6.156469785,
827053,386,Ozone (O3),Mean,ppb,UHF34,404406,Bayside Little Neck-Fresh Meadows,Summer 2022,06/01/2022,33.72043048,
823310,365,Fine particles (PM 2.5),Mean,mcg/m3,UHF42,106,High Bridge - Morrisania,Summer 2022,06/01/2022,7.075342639,
823217,365,Fine particles (PM 2.5),Mean,mcg/m3,UHF42,409,Southeast Queens,Summer 2022,06/01/2022,6.112324219,
827035,386,Ozone (O3),Mean,ppb,CD,202,Hunts Point and Longwood (CD2),Summer 2022,06/01/2022,32.82476154,
827024,386,Ozone (O3),Mean,ppb,CD,301,Greenpoint and Williamsburg (CD1),Summer 2022,06/01/2022,32.4542149,
823471,365,Fine particles (PM 2.5),Mean,mcg/m3,CD,212,Williamsbridge and Baychester (CD12),Summer 2022,06/01/2022,7.104302709,
823182,365,Fine particles (PM 2.5),Mean,mcg/m3,CD,210,Throgs Neck and Co-op City (CD10),Summer 2022,06/01/2022,6.92260039,
827047,386,Ozone (O3),Mean,ppb,CD,102,Greenwich Village and Soho (CD2),Summer 2022,06/01/2022,30.23342843,
823202,365,Fine particles (PM 2.5),Mean,mcg/m3,CD,108,Upper East Side (CD8),Summer 2022,06/01/2022,7.106722049,
825799,375,Nitrogen dioxide (NO2),Mean,ppb,Borough,5,Staten Island,Summer 2022,06/01/2022,7.847539245,
825921,375,Nitrogen dioxide (NO2),Mean,ppb,UHF34,208,Canarsie - Flatlands,Summer 2022,06/01/2022,8.604527294,
827112,386,Ozone (O3),Mean,ppb,UHF42,404,Bayside - Little Neck,Summer 2022,06/01/2022,33.40020401,
827054,386,Ozone (O3),Mean,ppb,UHF34,309310,Union Square-Lower Manhattan,Summer 2022,06/01/2022,30.91303198,
827006,386,Ozone (O3),Mean,ppb,CD,401,Long Island City and Astoria (CD1),Summer 2022,06/01/2022,33.60399471,
823196,365,Fine particles (PM 2.5),Mean,mcg/m3,CD,110,Central Harlem (CD10),Summer 2022,06/01/2022,7.118712172,
827005,386,Ozone (O3),Mean,ppb,CD,402,Woodside and Sunnyside (CD2),Summer 2022,06/01/2022,32.76581214,
827036,386,Ozone (O3),Mean,ppb,CD,201,Mott Haven and Melrose (CD1),Summer 2022,06/01/2022,31.85882124,
823501,365,Fine particles (PM 2.5),Mean,mcg/m3,CD,310,Bay Ridge and Dyker Heights (CD10),Summer 2022,06/01/2022,6.201439409,
827074,386,Ozone (O3),Mean,ppb,UHF34,206,Borough Park,Summer 2022,06/01/2022,35.18590991,
825897,375,Nitrogen dioxide (NO2),Mean,ppb,UHF34,401,Long Island City - Astoria,Summer 2022,06/01/2022,13.22276301,
825721,375,Nitrogen dioxide (NO2),Mean,ppb,UHF42,308,Greenwich Village - SoHo,Summer 2022,06/01/2022,16.59352898,
823528,365,Fine particles (PM 2.5),Mean,mcg/m3,CD,401,Long Island City and Astoria (CD1),Summer 2022,06/01/2022,7.017667827,
826336,375,Nitrogen dioxide (NO2),Mean,ppb,CD,314,Flatbush and Midwood (CD14),Summer 2022,06/01/2022,9.801305676,
825927,375,Nitrogen dioxide (NO2),Mean,ppb,UHF34,206,Borough Park,Summer 2022,06/01/2022,10.13740916,
826339,375,Nitrogen dioxide (NO2),Mean,ppb,CD,315,Sheepshead Bay (CD15),Summer 2022,06/01/2022,8.527088442,
823460,365,Fine particles (PM 2.5),Mean,mcg/m3,UHF42,503,Willowbrook,Summer 2022,06/01/2022,5.932229923,
827128,386,Ozone (O3),Mean,ppb,UHF42,209,Bensonhurst - Bay Ridge,Summer 2022,06/01/2022,35.81921707,
827072,386,Ozone (O3),Mean,ppb,UHF34,208,Canarsie - Flatlands,Summer 2022,06/01/2022,36.11507607,
827131,386,Ozone (O3),Mean,ppb,UHF42,206,Borough Park,Summer 2022,06/01/2022,35.18590991,
827117,386,Ozone (O3),Mean,ppb,UHF42,309,Union Square - Lower East Side,Summer 2022,06/01/2022,31.19828422,
827116,386,Ozone (O3),Mean,ppb,UHF42,310,Lower Manhattan,Summer 2022,06/01/2022,30.28985712,
827064,386,Ozone (O3),Mean,ppb,UHF34,401,Long Island City - Astoria,Summer 2022,06/01/2022,32.93001894,
827108,386,Ozone (O3),Mean,ppb,UHF42,408,Jamaica,Summer 2022,06/01/2022,34.40762152,
827039,386,Ozone (O3),Mean,ppb,CD,110,Central Harlem (CD10),Summer 2022,06/01/2022,31.19724315,
827015,386,Ozone (O3),Mean,ppb,CD,310,Bay Ridge and Dyker Heights (CD10),Summer 2022,06/01/2022,34.84675553,
827027,386,Ozone (O3),Mean,ppb,CD,210,Throgs Neck and Co-op City (CD10),Summer 2022,06/01/2022,33.59165591,
825802,375,Nitrogen dioxide (NO2),Mean,ppb,Borough,4,Queens,Summer 2022,06/01/2022,10.61178834,
823403,365,Fine particles (PM 2.5),Mean,mcg/m3,UHF34,303,East Harlem,Summer 2022,06/01/2022,7.035453199,
827025,386,Ozone (O3),Mean,ppb,CD,212,Williamsbridge and Baychester (CD12),Summer 2022,06/01/2022,31.77218377,
827143,386,Ozone (O3),Mean,ppb,UHF42,101,Kingsbridge - Riverdale,Summer 2022,06/01/2022,29.95390541,
827136,386,Ozone (O3),Mean,ppb,UHF42,201,Greenpoint,Summer 2022,06/01/2022,32.404022,
827003,386,Ozone (O3),Mean,ppb,CD,404,Elmhurst and Corona (CD4),Summer 2022,06/01/2022,34.0864271,
823161,365,Fine particles (PM 2.5),Mean,mcg/m3,CD,203,Morrisania and Crotona (CD3),Summer 2022,06/01/2022,7.220292085,
827004,386,Ozone (O3),Mean,ppb,CD,403,Jackson Heights (CD3),Summer 2022,06/01/2022,34.19270054,
823492,365,Fine particles (PM 2.5),Mean,mcg/m3,CD,307,Sunset Park (CD7),Summer 2022,06/01/2022,6.695717506,
823486,365,Fine particles (PM 2.5),Mean,mcg/m3,CD,305,East New York and Starrett City (CD5),Summer 2022,06/01/2022,6.343255361,
823173,365,Fine particles (PM 2.5),Mean,mcg/m3,CD,207,Kingsbridge Heights and Bedford (CD7),Summer 2022,06/01/2022,7.160723146,
827022,386,Ozone (O3),Mean,ppb,CD,303,Bedford Stuyvesant (CD3),Summer 2022,06/01/2022,33.15824793,
827034,386,Ozone (O3),Mean,ppb,CD,203,Morrisania and Crotona (CD3),Summer 2022,06/01/2022,31.78021728,
823208,365,Fine particles (PM 2.5),Mean,mcg/m3,CD,106,Stuyvesant Town and Turtle Bay (CD6),Summer 2022,06/01/2022,7.688369004,
823430,365,Fine particles (PM 2.5),Mean,mcg/m3,UHF34,205,Sunset Park,Summer 2022,06/01/2022,6.69691987,
825876,375,Nitrogen dioxide (NO2),Mean,ppb,UHF34,410,Rockaways,Summer 2022,06/01/2022,6.9878077,
823495,365,Fine particles (PM 2.5),Mean,mcg/m3,CD,308,Crown Heights and Prospect Heights (CD8),Summer 2022,06/01/2022,6.622607531,
827144,386,Ozone (O3),Mean,ppb,Borough,5,Staten Island,Summer 2022,06/01/2022,35.26349246,
823519,365,Fine particles (PM 2.5),Mean,mcg/m3,CD,316,Brownsville (CD16),Summer 2022,06/01/2022,6.378015604,
827140,386,Ozone (O3),Mean,ppb,UHF42,104,Pelham - Throgs Neck,Summer 2022,06/01/2022,33.2891319,
827133,386,Ozone (O3),Mean,ppb,UHF42,204,East New York,Summer 2022,06/01/2022,34.366186,
823388,365,Fine particles (PM 2.5),Mean,mcg/m3,UHF34,405,Ridgewood - Forest Hills,Summer 2022,06/01/2022,6.496026238,
823543,365,Fine particles (PM 2.5),Mean,mcg/m3,CD,406,Rego Park and Forest Hills (CD6),Summer 2022,06/01/2022,6.386200991,
823489,365,Fine particles (PM 2.5),Mean,mcg/m3,CD,306,Park Slope and Carroll Gardens (CD6),Summer 2022,06/01/2022,6.896060439,
823170,365,Fine particles (PM 2.5),Mean,mcg/m3,CD,206,Belmont and East Tremont (CD6),Summer 2022,06/01/2022,7.222086973,
823373,365,Fine particles (PM 2.5),Mean,mcg/m3,UHF34,305307,Upper East Side-Gramercy,Summer 2022,06/01/2022,7.50474789,
825852,375,Nitrogen dioxide (NO2),Mean,ppb,Citywide,1,New York City,Summer 2022,06/01/2022,10.63421392,
827049,386,Ozone (O3),Mean,ppb,Citywide,1,New York City,Summer 2022,06/01/2022,34.07894297,
823241,365,Fine particles (PM 2.5),Mean,mcg/m3,UHF42,401,Long Island City - Astoria,Summer 2022,06/01/2022,7.223992797,
823370,365,Fine particles (PM 2.5),Mean,mcg/m3,UHF34,306308,Chelsea-Village,Summer 2022,06/01/2022,8.24066025,
823164,365,Fine particles (PM 2.5),Mean,mcg/m3,CD,204,Highbridge and Concourse (CD4),Summer 2022,06/01/2022,7.059353902,
823406,365,Fine particles (PM 2.5),Mean,mcg/m3,UHF34,302,Central Harlem - Morningside Heights,Summer 2022,06/01/2022,7.126410704,
823483,365,Fine particles (PM 2.5),Mean,mcg/m3,CD,304,Bushwick (CD4),Summer 2022,06/01/2022,6.849597538,
823155,365,Fine particles (PM 2.5),Mean,mcg/m3,CD,201,Mott Haven and Melrose (CD1),Summer 2022,06/01/2022,7.163027195,
825924,375,Nitrogen dioxide (NO2),Mean,ppb,UHF34,207,East Flatbush - Flatbush,Summer 2022,06/01/2022,10.18747995,
823498,365,Fine particles (PM 2.5),Mean,mcg/m3,CD,309,South Crown Heights and Lefferts Gardens (CD9),Summer 2022,06/01/2022,6.2784112,
823439,365,Fine particles (PM 2.5),Mean,mcg/m3,UHF34,202,Downtown - Heights - Slope,Summer 2022,06/01/2022,6.911800513,
823409,365,Fine particles (PM 2.5),Mean,mcg/m3,UHF34,301,Washington Heights,Summer 2022,06/01/2022,7.231879874,
823463,365,Fine particles (PM 2.5),Mean,mcg/m3,UHF42,502,Stapleton - St. George,Summer 2022,06/01/2022,5.924476631,
825793,375,Nitrogen dioxide (NO2),Mean,ppb,UHF42,102,Northeast Bronx,Summer 2022,06/01/2022,11.61930339,
823262,365,Fine particles (PM 2.5),Mean,mcg/m3,UHF42,304,Upper West Side,Summer 2022,06/01/2022,7.014746696,
826004,375,Nitrogen dioxide (NO2),Mean,ppb,CD,203,Morrisania and Crotona (CD3),Summer 2022,06/01/2022,13.14774864,
823454,365,Fine particles (PM 2.5),Mean,mcg/m3,UHF34,101,Kingsbridge - Riverdale,Summer 2022,06/01/2022,7.146132353,
823226,365,Fine particles (PM 2.5),Mean,mcg/m3,UHF42,406,Fresh Meadows,Summer 2022,06/01/2022,6.28872517,
827073,386,Ozone (O3),Mean,ppb,UHF34,207,East Flatbush - Flatbush,Summer 2022,06/01/2022,34.89698884,
825736,375,Nitrogen dioxide (NO2),Mean,ppb,UHF42,303,East Harlem,Summer 2022,06/01/2022,12.95828058,
823436,365,Fine particles (PM 2.5),Mean,mcg/m3,UHF34,203,Bedford Stuyvesant - Crown Heights,Summer 2022,06/01/2022,6.499405841,
823331,365,Fine particles (PM 2.5),Mean,mcg/m3,Borough,4,Queens,Summer 2022,06/01/2022,6.415143517,
823307,365,Fine particles (PM 2.5),Mean,mcg/m3,UHF42,107,Hunts Point - Mott Haven,Summer 2022,06/01/2022,7.222672542,
823334,365,Fine particles (PM 2.5),Mean,mcg/m3,Borough,3,Manhattan,Summer 2022,06/01/2022,7.483450557,
823340,365,Fine particles (PM 2.5),Mean,mcg/m3,Borough,1,Bronx,Summer 2022,06/01/2022,7.094758673,
823316,365,Fine particles (PM 2.5),Mean,mcg/m3,UHF42,104,Pelham - Throgs Neck,Summer 2022,06/01/2022,7.005098509,
823286,365,Fine particles (PM 2.5),Mean,mcg/m3,UHF42,207,East Flatbush - Flatbush,Summer 2022,06/01/2022,6.173406281,
823167,365,Fine particles (PM 2.5),Mean,mcg/m3,CD,205,Fordham and University Heights (CD5),Summer 2022,06/01/2022,7.122674797,
823223,365,Fine particles (PM 2.5),Mean,mcg/m3,UHF42,407,Southwest Queens,Summer 2022,06/01/2022,6.186049843,
823256,365,Fine particles (PM 2.5),Mean,mcg/m3,UHF42,306,Chelsea - Clinton,Summer 2022,06/01/2022,8.340367159,
825813,375,Nitrogen dioxide (NO2),Mean,ppb,CD,201,Mott Haven and Melrose (CD1),Summer 2022,06/01/2022,14.0495527,
823445,365,Fine particles (PM 2.5),Mean,mcg/m3,UHF34,104,Pelham - Throgs Neck,Summer 2022,06/01/2022,7.005098509,
825715,375,Nitrogen dioxide (NO2),Mean,ppb,UHF42,310,Lower Manhattan,Summer 2022,06/01/2022,16.71264314,
827145,386,Ozone (O3),Mean,ppb,Borough,4,Queens,Summer 2022,06/01/2022,34.45706382,
827106,386,Ozone (O3),Mean,ppb,UHF42,410,Rockaways,Summer 2022,06/01/2022,37.50032276,
827102,386,Ozone (O3),Mean,ppb,UHF42,504,South Beach - Tottenville,Summer 2022,06/01/2022,36.0357734,
825961,375,Nitrogen dioxide (NO2),Mean,ppb,UHF34,202,Downtown - Heights - Slope,Summer 2022,06/01/2022,13.40817829,
825718,375,Nitrogen dioxide (NO2),Mean,ppb,UHF42,309,Union Square - Lower East Side,Summer 2022,06/01/2022,13.86713279,
823412,365,Fine particles (PM 2.5),Mean,mcg/m3,UHF34,211,Williamsburg - Bushwick,Summer 2022,06/01/2022,6.9921169,
823418,365,Fine particles (PM 2.5),Mean,mcg/m3,UHF34,209,Bensonhurst - Bay Ridge,Summer 2022,06/01/2022,6.036921521,
826022,375,Nitrogen dioxide (NO2),Mean,ppb,CD,209,Parkchester and Soundview (CD9),Summer 2022,06/01/2022,12.44632642,
826028,375,Nitrogen dioxide (NO2),Mean,ppb,CD,211,Morris Park and Bronxdale (CD11),Summer 2022,06/01/2022,11.54096786,
823516,365,Fine particles (PM 2.5),Mean,mcg/m3,CD,315,Sheepshead Bay (CD15),Summer 2022,06/01/2022,5.818567276,
826375,375,Nitrogen dioxide (NO2),Mean,ppb,CD,409,Kew Gardens and Woodhaven (CD9),Summer 2022,06/01/2022,10.59478216,
823474,365,Fine particles (PM 2.5),Mean,mcg/m3,CD,301,Greenpoint and Williamsburg (CD1),Summer 2022,06/01/2022,7.217085847,
823510,365,Fine particles (PM 2.5),Mean,mcg/m3,CD,313,Coney Island (CD13),Summer 2022,06/01/2022,5.809080731,
827009,386,Ozone (O3),Mean,ppb,CD,316,Brownsville (CD16),Summer 2022,06/01/2022,34.21756217,
827020,386,Ozone (O3),Mean,ppb,CD,305,East New York and Starrett City (CD5),Summer 2022,06/01/2022,34.60004805,
823531,365,Fine particles (PM 2.5),Mean,mcg/m3,CD,402,Woodside and Sunnyside (CD2),Summer 2022,06/01/2022,7.248773602,
823346,365,Fine particles (PM 2.5),Mean,mcg/m3,CD,102,Greenwich Village and Soho (CD2),Summer 2022,06/01/2022,8.275614381,
825703,375,Nitrogen dioxide (NO2),Mean,ppb,UHF42,404,Bayside - Little Neck,Summer 2022,06/01/2022,10.73235998,
825742,375,Nitrogen dioxide (NO2),Mean,ppb,UHF42,301,Washington Heights,Summer 2022,06/01/2022,13.48842373,
825787,375,Nitrogen dioxide (NO2),Mean,ppb,UHF42,104,Pelham - Throgs Neck,Summer 2022,06/01/2022,11.9642793,
823433,365,Fine particles (PM 2.5),Mean,mcg/m3,UHF34,204,East New York,Summer 2022,06/01/2022,6.401286506,
827137,386,Ozone (O3),Mean,ppb,UHF42,107,Hunts Point - Mott Haven,Summer 2022,06/01/2022,32.90099328,
825781,375,Nitrogen dioxide (NO2),Mean,ppb,UHF42,106,High Bridge - Morrisania,Summer 2022,06/01/2022,13.57753358,
823265,365,Fine particles (PM 2.5),Mean,mcg/m3,UHF42,303,East Harlem,Summer 2022,06/01/2022,7.035453199,
825858,375,Nitrogen dioxide (NO2),Mean,ppb,UHF34,503504,Southern SI,Summer 2022,06/01/2022,7.378723541,
827118,386,Ozone (O3),Mean,ppb,UHF42,308,Greenwich Village - SoHo,Summer 2022,06/01/2022,30.29067016,
827129,386,Ozone (O3),Mean,ppb,UHF42,208,Canarsie - Flatlands,Summer 2022,06/01/2022,36.11507607,
823280,365,Fine particles (PM 2.5),Mean,mcg/m3,UHF42,209,Bensonhurst - Bay Ridge,Summer 2022,06/01/2022,6.036921521,
825766,375,Nitrogen dioxide (NO2),Mean,ppb,UHF42,204,East New York,Summer 2022,06/01/2022,10.9473018,
827138,386,Ozone (O3),Mean,ppb,UHF42,106,High Bridge - Morrisania,Summer 2022,06/01/2022,31.51181153,
825706,375,Nitrogen dioxide (NO2),Mean,ppb,UHF42,403,Flushing - Clearview,Summer 2022,06/01/2022,11.04857139,
825760,375,Nitrogen dioxide (NO2),Mean,ppb,UHF42,206,Borough Park,Summer 2022,06/01/2022,10.13740916,
823442,365,Fine particles (PM 2.5),Mean,mcg/m3,UHF34,201,Greenpoint,Summer 2022,06/01/2022,7.186699469,
826372,375,Nitrogen dioxide (NO2),Mean,ppb,CD,408,Hillcrest and Fresh Meadows (CD8),Summer 2022,06/01/2022,10.47257775,
826366,375,Nitrogen dioxide (NO2),Mean,ppb,CD,406,Rego Park and Forest Hills (CD6),Summer 2022,06/01/2022,11.03706471,
823394,365,Fine particles (PM 2.5),Mean,mcg/m3,UHF34,402,West Queens,Summer 2022,06/01/2022,6.947133295,
823451,365,Fine particles (PM 2.5),Mean,mcg/m3,UHF34,102,Northeast Bronx,Summer 2022,06/01/2022,7.076424758,
827141,386,Ozone (O3),Mean,ppb,UHF42,103,Fordham - Bronx Pk,Summer 2022,06/01/2022,31.666184,
827139,386,Ozone (O3),Mean,ppb,UHF42,105,Crotona -Tremont,Summer 2022,06/01/2022,31.38884935,
827111,386,Ozone (O3),Mean,ppb,UHF42,405,Ridgewood - Forest Hills,Summer 2022,06/01/2022,34.18062626,
827123,386,Ozone (O3),Mean,ppb,UHF42,303,East Harlem,Summer 2022,06/01/2022,31.62649667,
827121,386,Ozone (O3),Mean,ppb,UHF42,305,Upper East Side,Summer 2022,06/01/2022,30.75813335,
827134,386,Ozone (O3),Mean,ppb,UHF42,203,Bedford Stuyvesant - Crown Heights,Summer 2022,06/01/2022,33.71192434,
825985,375,Nitrogen dioxide (NO2),Mean,ppb,UHF42,502,Stapleton - St. George,Summer 2022,06/01/2022,8.706739022,
823364,365,Fine particles (PM 2.5),Mean,mcg/m3,UHF34,404406,Bayside Little Neck-Fresh Meadows,Summer 2022,06/01/2022,6.339157976,
827127,386,Ozone (O3),Mean,ppb,UHF42,210,Coney Island - Sheepshead Bay,Summer 2022,06/01/2022,37.07216274,
823379,365,Fine particles (PM 2.5),Mean,mcg/m3,UHF34,409,Southeast Queens,Summer 2022,06/01/2022,6.112348152,
823298,365,Fine particles (PM 2.5),Mean,mcg/m3,UHF42,203,Bedford Stuyvesant - Crown Heights,Summer 2022,06/01/2022,6.499405841,
825769,375,Nitrogen dioxide (NO2),Mean,ppb,UHF42,203,Bedford Stuyvesant - Crown Heights,Summer 2022,06/01/2022,11.43810998,
826342,375,Nitrogen dioxide (NO2),Mean,ppb,CD,316,Brownsville (CD16),Summer 2022,06/01/2022,11.23771298,
827132,386,Ozone (O3),Mean,ppb,UHF42,205,Sunset Park,Summer 2022,06/01/2022,33.65593185,
827107,386,Ozone (O3),Mean,ppb,UHF42,409,Southeast Queens,Summer 2022,06/01/2022,34.67389389,
826052,375,Nitrogen dioxide (NO2),Mean,ppb,CD,307,Sunset Park (CD7),Summer 2022,06/01/2022,12.56698164,
825816,375,Nitrogen dioxide (NO2),Mean,ppb,CD,112,Washington Heights and Inwood (CD12),Summer 2022,06/01/2022,13.58267707,
826070,375,Nitrogen dioxide (NO2),Mean,ppb,CD,412,Jamaica and Hollis (CD12),Summer 2022,06/01/2022,10.32510885,
826378,375,Nitrogen dioxide (NO2),Mean,ppb,CD,410,South Ozone Park and Howard Beach (CD10),Summer 2022,06/01/2022,9.169227581,
823176,365,Fine particles (PM 2.5),Mean,mcg/m3,CD,208,Riverdale and Fieldston (CD8),Summer 2022,06/01/2022,7.140612287,
826007,375,Nitrogen dioxide (NO2),Mean,ppb,CD,204,Highbridge and Concourse (CD4),Summer 2022,06/01/2022,13.73915166,
826031,375,Nitrogen dioxide (NO2),Mean,ppb,CD,212,Williamsbridge and Baychester (CD12),Summer 2022,06/01/2022,11.40745568,
825988,375,Nitrogen dioxide (NO2),Mean,ppb,UHF42,501,Port Richmond,Summer 2022,06/01/2022,9.403636349,
827135,386,Ozone (O3),Mean,ppb,UHF42,202,Downtown - Heights - Slope,Summer 2022,06/01/2022,32.29772352,
827120,386,Ozone (O3),Mean,ppb,UHF42,306,Chelsea - Clinton,Summer 2022,06/01/2022,28.824582,
823549,365,Fine particles (PM 2.5),Mean,mcg/m3,CD,408,Hillcrest and Fresh Meadows (CD8),Summer 2022,06/01/2022,6.273727196,
826046,375,Nitrogen dioxide (NO2),Mean,ppb,CD,305,East New York and Starrett City (CD5),Summer 2022,06/01/2022,10.71678241,
827122,386,Ozone (O3),Mean,ppb,UHF42,304,Upper West Side,Summer 2022,06/01/2022,29.86938464,
827002,386,Ozone (O3),Mean,ppb,CD,405,Ridgewood and Maspeth (CD5),Summer 2022,06/01/2022,34.02865764,
827044,386,Ozone (O3),Mean,ppb,CD,105,Midtown (CD5),Summer 2022,06/01/2022,27.72553855,
827126,386,Ozone (O3),Mean,ppb,UHF42,211,Williamsburg - Bushwick,Summer 2022,06/01/2022,33.17297803,
827017,386,Ozone (O3),Mean,ppb,CD,308,Crown Heights and Prospect Heights (CD8),Summer 2022,06/01/2022,33.36083066,
825727,375,Nitrogen dioxide (NO2),Mean,ppb,UHF42,306,Chelsea - Clinton,Summer 2022,06/01/2022,19.50581497,
823382,365,Fine particles (PM 2.5),Mean,mcg/m3,UHF34,408,Jamaica,Summer 2022,06/01/2022,6.298834348,
823355,365,Fine particles (PM 2.5),Mean,mcg/m3,UHF34,105106107,South Bronx,Summer 2022,06/01/2022,7.172127638,
827031,386,Ozone (O3),Mean,ppb,CD,206,Belmont and East Tremont (CD6),Summer 2022,06/01/2022,31.87381866,
827019,386,Ozone (O3),Mean,ppb,CD,306,Park Slope and Carroll Gardens (CD6),Summer 2022,06/01/2022,32.89096201,
827029,386,Ozone (O3),Mean,ppb,CD,208,Riverdale and Fieldston (CD8),Summer 2022,06/01/2022,30.15494095,
823277,365,Fine particles (PM 2.5),Mean,mcg/m3,UHF42,210,Coney Island - Sheepshead Bay,Summer 2022,06/01/2022,5.821626343,
825837,375,Nitrogen dioxide (NO2),Mean,ppb,CD,105,Midtown (CD5),Summer 2022,06/01/2022,22.45229124,
827045,386,Ozone (O3),Mean,ppb,CD,104,Clinton and Chelsea (CD4),Summer 2022,06/01/2022,29.53574853,
823477,365,Fine particles (PM 2.5),Mean,mcg/m3,CD,302,Fort Greene and Brooklyn Heights (CD2),Summer 2022,06/01/2022,6.95120567,
827043,386,Ozone (O3),Mean,ppb,CD,106,Stuyvesant Town and Turtle Bay (CD6),Summer 2022,06/01/2022,29.67289705,
826043,375,Nitrogen dioxide (NO2),Mean,ppb,CD,304,Bushwick (CD4),Summer 2022,06/01/2022,11.80435772,
825778,375,Nitrogen dioxide (NO2),Mean,ppb,UHF42,107,Hunts Point - Mott Haven,Summer 2022,06/01/2022,13.42292044,
823480,365,Fine particles (PM 2.5),Mean,mcg/m3,CD,303,Bedford Stuyvesant (CD3),Summer 2022,06/01/2022,6.686912047,
826049,375,Nitrogen dioxide (NO2),Mean,ppb,CD,306,Park Slope and Carroll Gardens (CD6),Summer 2022,06/01/2022,12.67320071,
826019,375,Nitrogen dioxide (NO2),Mean,ppb,CD,208,Riverdale and Fieldston (CD8),Summer 2022,06/01/2022,10.58078526,
826010,375,Nitrogen dioxide (NO2),Mean,ppb,CD,205,Fordham and University Heights (CD5),Summer 2022,06/01/2022,13.68191263,
826363,375,Nitrogen dioxide (NO2),Mean,ppb,CD,405,Ridgewood and Maspeth (CD5),Summer 2022,06/01/2022,11.22934356,
825784,375,Nitrogen dioxide (NO2),Mean,ppb,UHF42,105,Crotona -Tremont,Summer 2022,06/01/2022,13.62824594,
827075,386,Ozone (O3),Mean,ppb,UHF34,205,Sunset Park,Summer 2022,06/01/2022,33.65590228,
823576,365,Fine particles (PM 2.5),Mean,mcg/m3,CD,503,Tottenville and Great Kills (CD3),Summer 2022,06/01/2022,5.627610011,
823504,365,Fine particles (PM 2.5),Mean,mcg/m3,CD,311,Bensonhurst (CD11),Summer 2022,06/01/2022,5.978383021,
823358,365,Fine particles (PM 2.5),Mean,mcg/m3,UHF34,503504,Southern SI,Summer 2022,06/01/2022,5.74898125,
823507,365,Fine particles (PM 2.5),Mean,mcg/m3,CD,312,Borough Park (CD12),Summer 2022,06/01/2022,6.204044635,
823232,365,Fine particles (PM 2.5),Mean,mcg/m3,UHF42,404,Bayside - Little Neck,Summer 2022,06/01/2022,6.370590039,
823214,365,Fine particles (PM 2.5),Mean,mcg/m3,CD,104,Clinton and Chelsea (CD4),Summer 2022,06/01/2022,8.03547456,
827041,386,Ozone (O3),Mean,ppb,CD,108,Upper East Side (CD8),Summer 2022,06/01/2022,30.72903446,
825748,375,Nitrogen dioxide (NO2),Mean,ppb,UHF42,210,Coney Island - Sheepshead Bay,Summer 2022,06/01/2022,8.463694088,
827146,386,Ozone (O3),Mean,ppb,Borough,3,Manhattan,Summer 2022,06/01/2022,30.17543692,
823199,365,Fine particles (PM 2.5),Mean,mcg/m3,CD,109,Morningside Heights and Hamilton Heights (CD9),Summer 2022,06/01/2022,7.149468936,
825709,375,Nitrogen dioxide (NO2),Mean,ppb,UHF42,402,West Queens,Summer 2022,06/01/2022,12.76958802,
827119,386,Ozone (O3),Mean,ppb,UHF42,307,Gramercy Park - Murray Hill,Summer 2022,06/01/2022,28.88368865,
827109,386,Ozone (O3),Mean,ppb,UHF42,407,Southwest Queens,Summer 2022,06/01/2022,35.15616093,
823537,365,Fine particles (PM 2.5),Mean,mcg/m3,CD,404,Elmhurst and Corona (CD4),Summer 2022,06/01/2022,6.80202856,
823522,365,Fine particles (PM 2.5),Mean,mcg/m3,CD,317,East Flatbush (CD17),Summer 2022,06/01/2022,6.221374471,
823220,365,Fine particles (PM 2.5),Mean,mcg/m3,UHF42,408,Jamaica,Summer 2022,06/01/2022,6.298728089,
823337,365,Fine particles (PM 2.5),Mean,mcg/m3,Borough,2,Brooklyn,Summer 2022,06/01/2022,6.342688241,
826016,375,Nitrogen dioxide (NO2),Mean,ppb,CD,207,Kingsbridge Heights and Bedford (CD7),Summer 2022,06/01/2022,12.05364835,
825831,375,Nitrogen dioxide (NO2),Mean,ppb,CD,107,Upper West Side (CD7),Summer 2022,06/01/2022,14.66934852,
826381,375,Nitrogen dioxide (NO2),Mean,ppb,CD,411,Bayside and Little Neck (CD11),Summer 2022,06/01/2022,10.73361271,
823558,365,Fine particles (PM 2.5),Mean,mcg/m3,CD,411,Bayside and Little Neck (CD11),Summer 2022,06/01/2022,6.372066643,
823400,365,Fine particles (PM 2.5),Mean,mcg/m3,UHF34,304,Upper West Side,Summer 2022,06/01/2022,7.014751429,
823466,365,Fine particles (PM 2.5),Mean,mcg/m3,UHF42,501,Port Richmond,Summer 2022,06/01/2022,6.216324773,
823561,365,Fine particles (PM 2.5),Mean,mcg/m3,CD,412,Jamaica and Hollis (CD12),Summer 2022,06/01/2022,6.264015971,
826076,375,Nitrogen dioxide (NO2),Mean,ppb,CD,414,Rockaway and Broad Channel (CD14),Summer 2022,06/01/2022,6.941410811,
827105,386,Ozone (O3),Mean,ppb,UHF42,501,Port Richmond,Summer 2022,06/01/2022,34.23823801,
823190,365,Fine particles (PM 2.5),Mean,mcg/m3,CD,112,Washington Heights and Inwood (CD12),Summer 2022,06/01/2022,7.238636415,
826369,375,Nitrogen dioxide (NO2),Mean,ppb,CD,407,Flushing and Whitestone (CD7),Summer 2022,06/01/2022,11.07626785,
823555,365,Fine particles (PM 2.5),Mean,mcg/m3,CD,410,South Ozone Park and Howard Beach (CD10),Summer 2022,06/01/2022,6.044015426,
825733,375,Nitrogen dioxide (NO2),Mean,ppb,UHF42,304,Upper West Side,Summer 2022,06/01/2022,14.66189338,
823325,365,Fine particles (PM 2.5),Mean,mcg/m3,UHF42,101,Kingsbridge - Riverdale,Summer 2022,06/01/2022,7.146132353,
823540,365,Fine particles (PM 2.5),Mean,mcg/m3,CD,405,Ridgewood and Maspeth (CD5),Summer 2022,06/01/2022,6.682984067,
825745,375,Nitrogen dioxide (NO2),Mean,ppb,UHF42,211,Williamsburg - Bushwick,Summer 2022,06/01/2022,12.66801156,
827114,386,Ozone (O3),Mean,ppb,UHF42,402,West Queens,Summer 2022,06/01/2022,33.5625397,
825772,375,Nitrogen dioxide (NO2),Mean,ppb,UHF42,202,Downtown - Heights - Slope,Summer 2022,06/01/2022,13.40817829,
825822,375,Nitrogen dioxide (NO2),Mean,ppb,CD,110,Central Harlem (CD10),Summer 2022,06/01/2022,13.11099386,
825828,375,Nitrogen dioxide (NO2),Mean,ppb,CD,108,Upper East Side (CD8),Summer 2022,06/01/2022,15.25577872,
826025,375,Nitrogen dioxide (NO2),Mean,ppb,CD,210,Throgs Neck and Co-op City (CD10),Summer 2022,06/01/2022,11.72384077,
823319,365,Fine particles (PM 2.5),Mean,mcg/m3,UHF42,103,Fordham - Bronx Pk,Summer 2022,06/01/2022,7.129036078,
826333,375,Nitrogen dioxide (NO2),Mean,ppb,CD,313,Coney Island (CD13),Summer 2022,06/01/2022,8.243920799,
826994,386,Ozone (O3),Mean,ppb,CD,413,Queens Village (CD13),Summer 2022,06/01/2022,34.70909053,
827010,386,Ozone (O3),Mean,ppb,CD,315,Sheepshead Bay (CD15),Summer 2022,06/01/2022,36.77191235,
826348,375,Nitrogen dioxide (NO2),Mean,ppb,CD,318,Flatlands and Canarsie (CD18),Summer 2022,06/01/2022,8.50052679,
823313,365,Fine particles (PM 2.5),Mean,mcg/m3,UHF42,105,Crotona -Tremont,Summer 2022,06/01/2022,7.191219229,
825697,375,Nitrogen dioxide (NO2),Mean,ppb,UHF42,406,Fresh Meadows,Summer 2022,06/01/2022,10.63849526,
825885,375,Nitrogen dioxide (NO2),Mean,ppb,UHF34,407,Southwest Queens,Summer 2022,06/01/2022,9.703370663,
826037,375,Nitrogen dioxide (NO2),Mean,ppb,CD,302,Fort Greene and Brooklyn Heights (CD2),Summer 2022,06/01/2022,14.17662165,
825849,375,Nitrogen dioxide (NO2),Mean,ppb,CD,101,Financial District (CD1),Summer 2022,06/01/2022,16.94902038,
825805,375,Nitrogen dioxide (NO2),Mean,ppb,Borough,3,Manhattan,Summer 2022,06/01/2022,15.44110312,
823397,365,Fine particles (PM 2.5),Mean,mcg/m3,UHF34,401,Long Island City - Astoria,Summer 2022,06/01/2022,7.223992797,
826318,375,Nitrogen dioxide (NO2),Mean,ppb,CD,308,Crown Heights and Prospect Heights (CD8),Summer 2022,06/01/2022,11.80086863,
823573,365,Fine particles (PM 2.5),Mean,mcg/m3,CD,502,South Beach and Willowbrook (CD2),Summer 2022,06/01/2022,5.864384211,
827110,386,Ozone (O3),Mean,ppb,UHF42,406,Fresh Meadows,Summer 2022,06/01/2022,34.22324851,
823570,365,Fine particles (PM 2.5),Mean,mcg/m3,CD,501,St. George and Stapleton (CD1),Summer 2022,06/01/2022,6.105169073,
827142,386,Ozone (O3),Mean,ppb,UHF42,102,Northeast Bronx,Summer 2022,06/01/2022,32.19843539,
826351,375,Nitrogen dioxide (NO2),Mean,ppb,CD,401,Long Island City and Astoria (CD1),Summer 2022,06/01/2022,11.97481491,
823421,365,Fine particles (PM 2.5),Mean,mcg/m3,UHF34,208,Canarsie - Flatlands,Summer 2022,06/01/2022,5.929055364,
827147,386,Ozone (O3),Mean,ppb,Borough,2,Brooklyn,Summer 2022,06/01/2022,34.69230514,
825811,375,Nitrogen dioxide (NO2),Mean,ppb,Borough,1,Bronx,Summer 2022,06/01/2022,12.20330878,
825754,375,Nitrogen dioxide (NO2),Mean,ppb,UHF42,208,Canarsie - Flatlands,Summer 2022,06/01/2022,8.604527294,
823546,365,Fine particles (PM 2.5),Mean,mcg/m3,CD,407,Flushing and Whitestone (CD7),Summer 2022,06/01/2022,6.657363094,
823525,365,Fine particles (PM 2.5),Mean,mcg/m3,CD,318,Flatlands and Canarsie (CD18),Summer 2022,06/01/2022,5.900416654,
823376,365,Fine particles (PM 2.5),Mean,mcg/m3,UHF34,410,Rockaways,Summer 2022,06/01/2022,5.548223949,
823469,365,Fine particles (PM 2.5),Mean,mcg/m3,UHF42,410,Rockaways,Summer 2022,06/01/2022,5.548223949,
823244,365,Fine particles (PM 2.5),Mean,mcg/m3,UHF42,310,Lower Manhattan,Summer 2022,06/01/2022,7.359813119,
825808,375,Nitrogen dioxide (NO2),Mean,ppb,Borough,2,Brooklyn,Summer 2022,06/01/2022,10.73512557,
823247,365,Fine particles (PM 2.5),Mean,mcg/m3,UHF42,309,Union Square - Lower East Side,Summer 2022,06/01/2022,7.592961678,
823289,365,Fine particles (PM 2.5),Mean,mcg/m3,UHF42,206,Borough Park,Summer 2022,06/01/2022,6.156469785,
823274,365,Fine particles (PM 2.5),Mean,mcg/m3,UHF42,211,Williamsburg - Bushwick,Summer 2022,06/01/2022,6.9921169,
823295,365,Fine particles (PM 2.5),Mean,mcg/m3,UHF42,204,East New York,Summer 2022,06/01/2022,6.401286506,
827103,386,Ozone (O3),Mean,ppb,UHF42,503,Willowbrook,Summer 2022,06/01/2022,34.75444464,
827028,386,Ozone (O3),Mean,ppb,CD,209,Parkchester and Soundview (CD9),Summer 2022,06/01/2022,32.92501511,
823238,365,Fine particles (PM 2.5),Mean,mcg/m3,UHF42,402,West Queens,Summer 2022,06/01/2022,6.947133295,
825861,375,Nitrogen dioxide (NO2),Mean,ppb,UHF34,501502,Northern SI,Summer 2022,06/01/2022,8.949249585,
825997,375,Nitrogen dioxide (NO2),Mean,ppb,UHF42,408,Jamaica,Summer 2022,06/01/2022,10.46984295,
825751,375,Nitrogen dioxide (NO2),Mean,ppb,UHF42,209,Bensonhurst - Bay Ridge,Summer 2022,06/01/2022,9.773626847,
825991,375,Nitrogen dioxide (NO2),Mean,ppb,UHF42,410,Rockaways,Summer 2022,06/01/2022,6.9878077,
825882,375,Nitrogen dioxide (NO2),Mean,ppb,UHF34,408,Jamaica,Summer 2022,06/01/2022,10.47005515,
825855,375,Nitrogen dioxide (NO2),Mean,ppb,UHF34,105106107,South Bronx,Summer 2022,06/01/2022,13.52832429,
823450,365,Fine particles (PM 2.5),Mean,mcg/m3,UHF34,102,Northeast Bronx,Annual Average 2022,01/01/2022,6.032611817,
823168,365,Fine particles (PM 2.5),Mean,mcg/m3,CD,205,Fordham and University Heights (CD5),Annual Average 2022,01/01/2022,6.123150287,
823523,365,Fine particles (PM 2.5),Mean,mcg/m3,CD,317,East Flatbush (CD17),Annual Average 2022,01/01/2022,5.658970885,
823348,365,Fine particles (PM 2.5),Mean,mcg/m3,CD,101,Financial District (CD1),Annual Average 2022,01/01/2022,7.213086961,
825990,375,Nitrogen dioxide (NO2),Mean,ppb,UHF42,410,Rockaways,Annual Average 2022,01/01/2022,11.40160263,
825711,375,Nitrogen dioxide (NO2),Mean,ppb,UHF42,401,Long Island City - Astoria,Annual Average 2022,01/01/2022,17.37601895,
823538,365,Fine particles (PM 2.5),Mean,mcg/m3,CD,404,Elmhurst and Corona (CD4),Annual Average 2022,01/01/2022,6.132830553,
823535,365,Fine particles (PM 2.5),Mean,mcg/m3,CD,403,Jackson Heights (CD3),Annual Average 2022,01/01/2022,6.04036743,
825699,375,Nitrogen dioxide (NO2),Mean,ppb,UHF42,405,Ridgewood - Forest Hills,Annual Average 2022,01/01/2022,15.2081041,
826077,375,Nitrogen dioxide (NO2),Mean,ppb,CD,414,Rockaway and Broad Channel (CD14),Annual Average 2022,01/01/2022,11.36047467,
825987,375,Nitrogen dioxide (NO2),Mean,ppb,UHF42,501,Port Richmond,Annual Average 2022,01/01/2022,13.49888164,
823447,365,Fine particles (PM 2.5),Mean,mcg/m3,UHF34,103,Fordham - Bronx Pk,Annual Average 2022,01/01/2022,6.126579475,
823568,365,Fine particles (PM 2.5),Mean,mcg/m3,CD,414,Rockaway and Broad Channel (CD14),Annual Average 2022,01/01/2022,5.024423733,
823399,365,Fine particles (PM 2.5),Mean,mcg/m3,UHF34,304,Upper West Side,Annual Average 2022,01/01/2022,6.111714175,
825851,375,Nitrogen dioxide (NO2),Mean,ppb,Citywide,1,New York City,Annual Average 2022,01/01/2022,14.72587893,
823192,365,Fine particles (PM 2.5),Mean,mcg/m3,CD,111,East Harlem (CD11),Annual Average 2022,01/01/2022,6.164136723,
823198,365,Fine particles (PM 2.5),Mean,mcg/m3,CD,109,Morningside Heights and Hamilton Heights (CD9),Annual Average 2022,01/01/2022,6.246436688,
825714,375,Nitrogen dioxide (NO2),Mean,ppb,UHF42,310,Lower Manhattan,Annual Average 2022,01/01/2022,20.80571845,
826032,375,Nitrogen dioxide (NO2),Mean,ppb,CD,212,Williamsbridge and Baychester (CD12),Annual Average 2022,01/01/2022,15.22801035,
823171,365,Fine particles (PM 2.5),Mean,mcg/m3,CD,206,Belmont and East Tremont (CD6),Annual Average 2022,01/01/2022,6.308894366,
823459,365,Fine particles (PM 2.5),Mean,mcg/m3,UHF42,503,Willowbrook,Annual Average 2022,01/01/2022,5.233294329,
823499,365,Fine particles (PM 2.5),Mean,mcg/m3,CD,309,South Crown Heights and Lefferts Gardens (CD9),Annual Average 2022,01/01/2022,5.722829885,
823180,365,Fine particles (PM 2.5),Mean,mcg/m3,CD,209,Parkchester and Soundview (CD9),Annual Average 2022,01/01/2022,6.148854199,
823213,365,Fine particles (PM 2.5),Mean,mcg/m3,CD,104,Clinton and Chelsea (CD4),Annual Average 2022,01/01/2022,7.818004398,
825801,375,Nitrogen dioxide (NO2),Mean,ppb,Borough,4,Queens,Annual Average 2022,01/01/2022,14.91358384,
825920,375,Nitrogen dioxide (NO2),Mean,ppb,UHF34,208,Canarsie - Flatlands,Annual Average 2022,01/01/2022,13.42918299,
825717,375,Nitrogen dioxide (NO2),Mean,ppb,UHF42,309,Union Square - Lower East Side,Annual Average 2022,01/01/2022,18.02876309,
825845,375,Nitrogen dioxide (NO2),Mean,ppb,CD,102,Greenwich Village and Soho (CD2),Annual Average 2022,01/01/2022,20.22773331,
823357,365,Fine particles (PM 2.5),Mean,mcg/m3,UHF34,503504,Southern SI,Annual Average 2022,01/01/2022,5.095717344,
825899,375,Nitrogen dioxide (NO2),Mean,ppb,UHF34,304,Upper West Side,Annual Average 2022,01/01/2022,18.1592721,
823363,365,Fine particles (PM 2.5),Mean,mcg/m3,UHF34,404406,Bayside Little Neck-Fresh Meadows,Annual Average 2022,01/01/2022,5.555328298,
825857,375,Nitrogen dioxide (NO2),Mean,ppb,UHF34,503504,Southern SI,Annual Average 2022,01/01/2022,10.4002227,
825830,375,Nitrogen dioxide (NO2),Mean,ppb,CD,107,Upper West Side (CD7),Annual Average 2022,01/01/2022,18.1703003,
825798,375,Nitrogen dioxide (NO2),Mean,ppb,Borough,5,Staten Island,Annual Average 2022,01/01/2022,11.24307983,
825774,375,Nitrogen dioxide (NO2),Mean,ppb,UHF42,201,Greenpoint,Annual Average 2022,01/01/2022,18.39671461,
823204,365,Fine particles (PM 2.5),Mean,mcg/m3,CD,107,Upper West Side (CD7),Annual Average 2022,01/01/2022,6.101604201,
823402,365,Fine particles (PM 2.5),Mean,mcg/m3,UHF34,303,East Harlem,Annual Average 2022,01/01/2022,6.148291756,
825738,375,Nitrogen dioxide (NO2),Mean,ppb,UHF42,302,Central Harlem - Morningside Heights,Annual Average 2022,01/01/2022,16.86623851,
825854,375,Nitrogen dioxide (NO2),Mean,ppb,UHF34,105106107,South Bronx,Annual Average 2022,01/01/2022,17.25017525,
823297,365,Fine particles (PM 2.5),Mean,mcg/m3,UHF42,203,Bedford Stuyvesant - Crown Heights,Annual Average 2022,01/01/2022,5.930993839,
826044,375,Nitrogen dioxide (NO2),Mean,ppb,CD,304,Bushwick (CD4),Annual Average 2022,01/01/2022,16.5740424,
823384,365,Fine particles (PM 2.5),Mean,mcg/m3,UHF34,407,Southwest Queens,Annual Average 2022,01/01/2022,5.534000948,
823258,365,Fine particles (PM 2.5),Mean,mcg/m3,UHF42,305,Upper East Side,Annual Average 2022,01/01/2022,6.361393551,
826074,375,Nitrogen dioxi,,,,,,,,,